filename,pytesseract_predicted_result,paddleocr_ocr_predicted_result
007c3149-INSIDE2_2024-09-24-1353-INSIDE-2_2_crop_2.jpg,365,365
007c3149-INSIDE2_2024-09-24-1353-INSIDE-2_2_crop_3.jpg,265,365
007c3149-INSIDE2_2024-09-24-1353-INSIDE-2_2_crop_4.jpg,,
066f34a6-INSIDE2_2024-09-23-1410-INSIDE-2_2_crop_2.jpg,315,319
07371afe-INSIDE2_2024-09-25-1328-INSIDE-2_2_crop_2.jpg,3135,319
0956e4fc-OUTSIDE8_2024-10-24-1442-OUTSIDE-8_2_crop_10.jpg,206,206
0956e4fc-OUTSIDE8_2024-10-24-1442-OUTSIDE-8_2_crop_15.jpg,43,43
0956e4fc-OUTSIDE8_2024-10-24-1442-OUTSIDE-8_2_crop_16.jpg,3,631
0956e4fc-OUTSIDE8_2024-10-24-1442-OUTSIDE-8_2_crop_17.jpg,,500
0956e4fc-OUTSIDE8_2024-10-24-1442-OUTSIDE-8_2_crop_18.jpg,473,
0956e4fc-OUTSIDE8_2024-10-24-1442-OUTSIDE-8_2_crop_19.jpg,23,
0956e4fc-OUTSIDE8_2024-10-24-1442-OUTSIDE-8_2_crop_20.jpg,3,
0956e4fc-OUTSIDE8_2024-10-24-1442-OUTSIDE-8_2_crop_21.jpg,37,
0956e4fc-OUTSIDE8_2024-10-24-1442-OUTSIDE-8_2_crop_22.jpg,462,162
0956e4fc-OUTSIDE8_2024-10-24-1442-OUTSIDE-8_2_crop_23.jpg,473,473
0956e4fc-OUTSIDE8_2024-10-24-1442-OUTSIDE-8_2_crop_24.jpg,757,
0956e4fc-OUTSIDE8_2024-10-24-1442-OUTSIDE-8_2_crop_25.jpg,,
0956e4fc-OUTSIDE8_2024-10-24-1442-OUTSIDE-8_2_crop_26.jpg,22,
0956e4fc-OUTSIDE8_2024-10-24-1442-OUTSIDE-8_2_crop_28.jpg,22,
0956e4fc-OUTSIDE8_2024-10-24-1442-OUTSIDE-8_2_crop_29.jpg,9,
0956e4fc-OUTSIDE8_2024-10-24-1442-OUTSIDE-8_2_crop_5.jpg,,
0c26cffe-OUTSIDE10_2024-10-19-1407-OUTSIDE-10_crop_10.jpg,412,124
0c26cffe-OUTSIDE10_2024-10-19-1407-OUTSIDE-10_crop_11.jpg,132,133
0c26cffe-OUTSIDE10_2024-10-19-1407-OUTSIDE-10_crop_12.jpg,218,
0c26cffe-OUTSIDE10_2024-10-19-1407-OUTSIDE-10_crop_13.jpg,,
0c26cffe-OUTSIDE10_2024-10-19-1407-OUTSIDE-10_crop_14.jpg,418,
0c26cffe-OUTSIDE10_2024-10-19-1407-OUTSIDE-10_crop_15.jpg,,
0c26cffe-OUTSIDE10_2024-10-19-1407-OUTSIDE-10_crop_16.jpg,,
0c26cffe-OUTSIDE10_2024-10-19-1407-OUTSIDE-10_crop_17.jpg,373,87
0c26cffe-OUTSIDE10_2024-10-19-1407-OUTSIDE-10_crop_18.jpg,121619,
0c26cffe-OUTSIDE10_2024-10-19-1407-OUTSIDE-10_crop_19.jpg,69,5
0debd7ea-OUTSIDE2_2024-09-12-1351-OUTSIDE-2_4_crop_2.jpg,176,176
0e7da32e-OUTSIDE2_2024-10-07-1412-OUTSIDE-2_crop_2.jpg,567,567
0e7da32e-OUTSIDE2_2024-10-07-1412-OUTSIDE-2_crop_3.jpg,633,633
0e7da32e-OUTSIDE2_2024-10-07-1412-OUTSIDE-2_crop_4.jpg,6233,033
0fb72ae5-OUTSIDE2_2024-10-31-1340-OUTSIDE-2_4_crop_2.jpg,238,628
0fb72ae5-OUTSIDE2_2024-10-31-1340-OUTSIDE-2_4_crop_3.jpg,212,
0fe61360-OUTSIDE8_2024-10-31-1340-OUTSIDE-8_2_crop_11.jpg,506,500
0fe61360-OUTSIDE8_2024-10-31-1340-OUTSIDE-8_2_crop_12.jpg,3,43
0fe61360-OUTSIDE8_2024-10-31-1340-OUTSIDE-8_2_crop_13.jpg,473,473
0fe61360-OUTSIDE8_2024-10-31-1340-OUTSIDE-8_2_crop_14.jpg,291,391
0fe61360-OUTSIDE8_2024-10-31-1340-OUTSIDE-8_2_crop_15.jpg,22,
0fe61360-OUTSIDE8_2024-10-31-1340-OUTSIDE-8_2_crop_16.jpg,3,553n
0fe61360-OUTSIDE8_2024-10-31-1340-OUTSIDE-8_2_crop_17.jpg,3,
0fe61360-OUTSIDE8_2024-10-31-1340-OUTSIDE-8_2_crop_18.jpg,206,206
0fe61360-OUTSIDE8_2024-10-31-1340-OUTSIDE-8_2_crop_19.jpg,43,
0fe61360-OUTSIDE8_2024-10-31-1340-OUTSIDE-8_2_crop_20.jpg,22,22
0fe61360-OUTSIDE8_2024-10-31-1340-OUTSIDE-8_2_crop_22.jpg,,
0fe61360-OUTSIDE8_2024-10-31-1340-OUTSIDE-8_2_crop_23.jpg,,
0fe61360-OUTSIDE8_2024-10-31-1340-OUTSIDE-8_2_crop_24.jpg,5,
0fe61360-OUTSIDE8_2024-10-31-1340-OUTSIDE-8_2_crop_26.jpg,,
0fe61360-OUTSIDE8_2024-10-31-1340-OUTSIDE-8_2_crop_9.jpg,,
14c66e7f-OUTSIDE2_2024-09-19-1410-OUTSIDE-2_3_crop_2.jpg,226,226
14c66e7f-OUTSIDE2_2024-09-19-1410-OUTSIDE-2_3_crop_3.jpg,,
14c66e7f-OUTSIDE2_2024-09-19-1410-OUTSIDE-2_3_crop_4.jpg,,
14c66e7f-OUTSIDE2_2024-09-19-1410-OUTSIDE-2_3_crop_5.jpg,225,220
16d121f1-OUTSIDE3_2024-10-16-1429-OUTSIDE-3_crop_3.jpg,,640
16d121f1-OUTSIDE3_2024-10-16-1429-OUTSIDE-3_crop_4.jpg,"7
7",17
16d121f1-OUTSIDE3_2024-10-16-1429-OUTSIDE-3_crop_5.jpg,6 40,640
16d121f1-OUTSIDE3_2024-10-16-1429-OUTSIDE-3_crop_6.jpg,,
16d121f1-OUTSIDE3_2024-10-16-1429-OUTSIDE-3_crop_7.jpg,17,17
1774554e-INSIDE2_2024-10-09-1351-INSIDE-2_2_crop_2.jpg,319,319
17e283f9-OUTSIDE10_2024-09-04-1402-OUTSIDE-10_crop_10.jpg,859,558
17e283f9-OUTSIDE10_2024-09-04-1402-OUTSIDE-10_crop_11.jpg,478,478
17e283f9-OUTSIDE10_2024-09-04-1402-OUTSIDE-10_crop_12.jpg,9,
17e283f9-OUTSIDE10_2024-09-04-1402-OUTSIDE-10_crop_13.jpg,196,190
17e283f9-OUTSIDE10_2024-09-04-1402-OUTSIDE-10_crop_14.jpg,,508
17e283f9-OUTSIDE10_2024-09-04-1402-OUTSIDE-10_crop_15.jpg,344,3
17e283f9-OUTSIDE10_2024-09-04-1402-OUTSIDE-10_crop_16.jpg,355,355
17e283f9-OUTSIDE10_2024-09-04-1402-OUTSIDE-10_crop_17.jpg,446,
17e283f9-OUTSIDE10_2024-09-04-1402-OUTSIDE-10_crop_18.jpg,,
17e283f9-OUTSIDE10_2024-09-04-1402-OUTSIDE-10_crop_19.jpg,334,33.4
17e283f9-OUTSIDE10_2024-09-04-1402-OUTSIDE-10_crop_20.jpg,1,
17e283f9-OUTSIDE10_2024-09-04-1402-OUTSIDE-10_crop_21.jpg,,
1b411d6c-OUTSIDE8_2024-10-08-1348-OUTSIDE-8_crop_10.jpg,"4
708",70
1b411d6c-OUTSIDE8_2024-10-08-1348-OUTSIDE-8_crop_11.jpg,,
1b411d6c-OUTSIDE8_2024-10-08-1348-OUTSIDE-8_crop_12.jpg,143,143
1b411d6c-OUTSIDE8_2024-10-08-1348-OUTSIDE-8_crop_13.jpg,20,
1b411d6c-OUTSIDE8_2024-10-08-1348-OUTSIDE-8_crop_14.jpg,703,703
1b411d6c-OUTSIDE8_2024-10-08-1348-OUTSIDE-8_crop_15.jpg,376,376
1b411d6c-OUTSIDE8_2024-10-08-1348-OUTSIDE-8_crop_16.jpg,7,70
1b411d6c-OUTSIDE8_2024-10-08-1348-OUTSIDE-8_crop_17.jpg,700,100
1b411d6c-OUTSIDE8_2024-10-08-1348-OUTSIDE-8_crop_18.jpg,,
1b411d6c-OUTSIDE8_2024-10-08-1348-OUTSIDE-8_crop_19.jpg,05,
1b411d6c-OUTSIDE8_2024-10-08-1348-OUTSIDE-8_crop_20.jpg,5,547
1b411d6c-OUTSIDE8_2024-10-08-1348-OUTSIDE-8_crop_21.jpg,,376
1b411d6c-OUTSIDE8_2024-10-08-1348-OUTSIDE-8_crop_22.jpg,143,143
1b411d6c-OUTSIDE8_2024-10-08-1348-OUTSIDE-8_crop_23.jpg,4120,420
1b411d6c-OUTSIDE8_2024-10-08-1348-OUTSIDE-8_crop_24.jpg,5,543
1b411d6c-OUTSIDE8_2024-10-08-1348-OUTSIDE-8_crop_26.jpg,,471
1b411d6c-OUTSIDE8_2024-10-08-1348-OUTSIDE-8_crop_6.jpg,,
1b411d6c-OUTSIDE8_2024-10-08-1348-OUTSIDE-8_crop_8.jpg,,
1bed8a4b-OUTSIDE2_2024-10-05-1321-OUTSIDE-2_4_crop_2.jpg,,
1bed8a4b-OUTSIDE2_2024-10-05-1321-OUTSIDE-2_4_crop_3.jpg,08,08
1bed8a4b-OUTSIDE2_2024-10-05-1321-OUTSIDE-2_4_crop_4.jpg,226,226
1bed8a4b-OUTSIDE2_2024-10-05-1321-OUTSIDE-2_4_crop_5.jpg,225,226
1c8b1827-OUTSIDE10_2024-09-02-1521-OUTSIDE-10_crop_10.jpg,478,478
1c8b1827-OUTSIDE10_2024-09-02-1521-OUTSIDE-10_crop_11.jpg,558,558
1c8b1827-OUTSIDE10_2024-09-02-1521-OUTSIDE-10_crop_12.jpg,446,
1c8b1827-OUTSIDE10_2024-09-02-1521-OUTSIDE-10_crop_13.jpg,,2
1c8b1827-OUTSIDE10_2024-09-02-1521-OUTSIDE-10_crop_14.jpg,855,355
1c8b1827-OUTSIDE10_2024-09-02-1521-OUTSIDE-10_crop_15.jpg,,638
1c8b1827-OUTSIDE10_2024-09-02-1521-OUTSIDE-10_crop_16.jpg,19,190
1c8b1827-OUTSIDE10_2024-09-02-1521-OUTSIDE-10_crop_17.jpg,342,
1c8b1827-OUTSIDE10_2024-09-02-1521-OUTSIDE-10_crop_18.jpg,,
1c8b1827-OUTSIDE10_2024-09-02-1521-OUTSIDE-10_crop_19.jpg,3,334
1e3f347f-INSIDE2_2024-10-30-1354-INSIDE-2_2_crop_2.jpg,4,52
204dc734-INSIDE12_2024-10-02-1345-INSIDE-12_crop_12.jpg,"4 1
2",
204dc734-INSIDE12_2024-10-02-1345-INSIDE-12_crop_13.jpg,295,295
204dc734-INSIDE12_2024-10-02-1345-INSIDE-12_crop_14.jpg,62,462
204dc734-INSIDE12_2024-10-02-1345-INSIDE-12_crop_15.jpg,22,122
204dc734-INSIDE12_2024-10-02-1345-INSIDE-12_crop_16.jpg,"3
35",588
204dc734-INSIDE12_2024-10-02-1345-INSIDE-12_crop_17.jpg,9,90
204dc734-INSIDE12_2024-10-02-1345-INSIDE-12_crop_18.jpg,5838,588
204dc734-INSIDE12_2024-10-02-1345-INSIDE-12_crop_19.jpg,430,430
204dc734-INSIDE12_2024-10-02-1345-INSIDE-12_crop_20.jpg,456,496
204dc734-INSIDE12_2024-10-02-1345-INSIDE-12_crop_21.jpg,20,
204dc734-INSIDE12_2024-10-02-1345-INSIDE-12_crop_22.jpg,10,210
204dc734-INSIDE12_2024-10-02-1345-INSIDE-12_crop_23.jpg,206,206
204dc734-INSIDE12_2024-10-02-1345-INSIDE-12_crop_24.jpg,22,122
204dc734-INSIDE12_2024-10-02-1345-INSIDE-12_crop_25.jpg,90,90
204dc734-INSIDE12_2024-10-02-1345-INSIDE-12_crop_26.jpg,7,
204dc734-INSIDE12_2024-10-02-1345-INSIDE-12_crop_27.jpg,1525,G25
204dc734-INSIDE12_2024-10-02-1345-INSIDE-12_crop_28.jpg,7,
204dc734-INSIDE12_2024-10-02-1345-INSIDE-12_crop_29.jpg,,
23021b45-OUTSIDE8_2024-10-31-1340-OUTSIDE-8_3_crop_13.jpg,709,0
23021b45-OUTSIDE8_2024-10-31-1340-OUTSIDE-8_3_crop_14.jpg,709,007
23021b45-OUTSIDE8_2024-10-31-1340-OUTSIDE-8_3_crop_16.jpg,,60
23021b45-OUTSIDE8_2024-10-31-1340-OUTSIDE-8_3_crop_17.jpg,40,
23021b45-OUTSIDE8_2024-10-31-1340-OUTSIDE-8_3_crop_18.jpg,,
23021b45-OUTSIDE8_2024-10-31-1340-OUTSIDE-8_3_crop_19.jpg,,
23021b45-OUTSIDE8_2024-10-31-1340-OUTSIDE-8_3_crop_20.jpg,,
23021b45-OUTSIDE8_2024-10-31-1340-OUTSIDE-8_3_crop_22.jpg,,62
23021b45-OUTSIDE8_2024-10-31-1340-OUTSIDE-8_3_crop_9.jpg,52,51A
23cec47e-INSIDE4_2024-10-28-1413-INSIDE-4_crop_4.jpg,4,
23cec47e-INSIDE4_2024-10-28-1413-INSIDE-4_crop_5.jpg,4,581
23cec47e-INSIDE4_2024-10-28-1413-INSIDE-4_crop_6.jpg,1,139
23cec47e-INSIDE4_2024-10-28-1413-INSIDE-4_crop_7.jpg,285,285
23cec47e-INSIDE4_2024-10-28-1413-INSIDE-4_crop_8.jpg,507,
24a598cb-OUTSIDE8_2024-10-30-1354-OUTSIDE-8_2_crop_11.jpg,43,43
24a598cb-OUTSIDE8_2024-10-30-1354-OUTSIDE-8_2_crop_12.jpg,291,
24a598cb-OUTSIDE8_2024-10-30-1354-OUTSIDE-8_2_crop_13.jpg,506,500
24a598cb-OUTSIDE8_2024-10-30-1354-OUTSIDE-8_2_crop_14.jpg,3,
24a598cb-OUTSIDE8_2024-10-30-1354-OUTSIDE-8_2_crop_15.jpg,206,206
24a598cb-OUTSIDE8_2024-10-30-1354-OUTSIDE-8_2_crop_16.jpg,3,553
24a598cb-OUTSIDE8_2024-10-30-1354-OUTSIDE-8_2_crop_17.jpg,3,
24a598cb-OUTSIDE8_2024-10-30-1354-OUTSIDE-8_2_crop_18.jpg,473,473
24a598cb-OUTSIDE8_2024-10-30-1354-OUTSIDE-8_2_crop_19.jpg,473,473
24a598cb-OUTSIDE8_2024-10-30-1354-OUTSIDE-8_2_crop_20.jpg,2,
24a598cb-OUTSIDE8_2024-10-30-1354-OUTSIDE-8_2_crop_21.jpg,57,
24a598cb-OUTSIDE8_2024-10-30-1354-OUTSIDE-8_2_crop_22.jpg,22,
24a598cb-OUTSIDE8_2024-10-30-1354-OUTSIDE-8_2_crop_24.jpg,,
24a598cb-OUTSIDE8_2024-10-30-1354-OUTSIDE-8_2_crop_4.jpg,,
24e80926-OUTSIDE2_2024-10-08-1348-OUTSIDE-2_4_crop_2.jpg,476,176
24e80926-OUTSIDE2_2024-10-08-1348-OUTSIDE-2_4_crop_3.jpg,,
2646b252-OUTSIDE2_2024-10-02-1345-OUTSIDE-2_2_crop_2.jpg,06,06
2646b252-OUTSIDE2_2024-10-02-1345-OUTSIDE-2_2_crop_3.jpg,,
2646b252-OUTSIDE2_2024-10-02-1345-OUTSIDE-2_2_crop_4.jpg,2,2
2646b252-OUTSIDE2_2024-10-02-1345-OUTSIDE-2_2_crop_5.jpg,2,2
2646b252-OUTSIDE2_2024-10-02-1345-OUTSIDE-2_2_crop_6.jpg,,
269ff266-OUTSIDE2_2024-10-07-1412-OUTSIDE-2_4_crop_2.jpg,226,226
269ff266-OUTSIDE2_2024-10-07-1412-OUTSIDE-2_4_crop_3.jpg,,
269ff266-OUTSIDE2_2024-10-07-1412-OUTSIDE-2_4_crop_4.jpg,0,08
269ff266-OUTSIDE2_2024-10-07-1412-OUTSIDE-2_4_crop_5.jpg,226,
26de07f6-OUTSIDE7_2024-10-21-1346-OUTSIDE-7_crop_10.jpg,,15
26de07f6-OUTSIDE7_2024-10-21-1346-OUTSIDE-7_crop_11.jpg,,5
26de07f6-OUTSIDE7_2024-10-21-1346-OUTSIDE-7_crop_12.jpg,3 07,307
26de07f6-OUTSIDE7_2024-10-21-1346-OUTSIDE-7_crop_13.jpg,355,355
26de07f6-OUTSIDE7_2024-10-21-1346-OUTSIDE-7_crop_14.jpg,,
26de07f6-OUTSIDE7_2024-10-21-1346-OUTSIDE-7_crop_7.jpg,314,314
26de07f6-OUTSIDE7_2024-10-21-1346-OUTSIDE-7_crop_8.jpg,,
26de07f6-OUTSIDE7_2024-10-21-1346-OUTSIDE-7_crop_9.jpg,207,307
27097597-OUTSIDE8_2024-09-19-1410-OUTSIDE-8_crop_10.jpg,700,700
27097597-OUTSIDE8_2024-09-19-1410-OUTSIDE-8_crop_11.jpg,,
27097597-OUTSIDE8_2024-09-19-1410-OUTSIDE-8_crop_12.jpg,204,709
27097597-OUTSIDE8_2024-09-19-1410-OUTSIDE-8_crop_13.jpg,,
27097597-OUTSIDE8_2024-09-19-1410-OUTSIDE-8_crop_14.jpg,,
27097597-OUTSIDE8_2024-09-19-1410-OUTSIDE-8_crop_15.jpg,143,143
27097597-OUTSIDE8_2024-09-19-1410-OUTSIDE-8_crop_16.jpg,20,420
27097597-OUTSIDE8_2024-09-19-1410-OUTSIDE-8_crop_17.jpg,5,57
27097597-OUTSIDE8_2024-09-19-1410-OUTSIDE-8_crop_18.jpg,143,143
27097597-OUTSIDE8_2024-09-19-1410-OUTSIDE-8_crop_19.jpg,376,376
27097597-OUTSIDE8_2024-09-19-1410-OUTSIDE-8_crop_20.jpg,703,703
27097597-OUTSIDE8_2024-09-19-1410-OUTSIDE-8_crop_21.jpg,193,143
27097597-OUTSIDE8_2024-09-19-1410-OUTSIDE-8_crop_22.jpg,5,542
27097597-OUTSIDE8_2024-09-19-1410-OUTSIDE-8_crop_23.jpg,,376
27097597-OUTSIDE8_2024-09-19-1410-OUTSIDE-8_crop_24.jpg,,
27097597-OUTSIDE8_2024-09-19-1410-OUTSIDE-8_crop_25.jpg,420,120
27097597-OUTSIDE8_2024-09-19-1410-OUTSIDE-8_crop_26.jpg,700,700
27097597-OUTSIDE8_2024-09-19-1410-OUTSIDE-8_crop_8.jpg,708,70
27097597-OUTSIDE8_2024-09-19-1410-OUTSIDE-8_crop_9.jpg,,
277e9cda-INSIDE5_2024-10-28-1413-INSIDE-5_crop_5.jpg,,
277e9cda-INSIDE5_2024-10-28-1413-INSIDE-5_crop_6.jpg,02,02
277e9cda-INSIDE5_2024-10-28-1413-INSIDE-5_crop_7.jpg,307,507
277e9cda-INSIDE5_2024-10-28-1413-INSIDE-5_crop_8.jpg,2,102
277e9cda-INSIDE5_2024-10-28-1413-INSIDE-5_crop_9.jpg,02,102
2976bfa3-OUTSIDE2_2024-10-17-1355-OUTSIDE-2_3_crop_2.jpg,55,55
2976bfa3-OUTSIDE2_2024-10-17-1355-OUTSIDE-2_3_crop_3.jpg,226,226
2976bfa3-OUTSIDE2_2024-10-17-1355-OUTSIDE-2_3_crop_4.jpg,155,155
2976bfa3-OUTSIDE2_2024-10-17-1355-OUTSIDE-2_3_crop_5.jpg,228,
2bf495d8-OUTSIDE8_2024-10-11-1420-OUTSIDE-8_2_crop_11.jpg,,
2bf495d8-OUTSIDE8_2024-10-11-1420-OUTSIDE-8_2_crop_12.jpg,04,
2bf495d8-OUTSIDE8_2024-10-11-1420-OUTSIDE-8_2_crop_13.jpg,,471
2bf495d8-OUTSIDE8_2024-10-11-1420-OUTSIDE-8_2_crop_14.jpg,,541
2bf495d8-OUTSIDE8_2024-10-11-1420-OUTSIDE-8_2_crop_15.jpg,805,600
2bf495d8-OUTSIDE8_2024-10-11-1420-OUTSIDE-8_2_crop_16.jpg,591,591
2bf495d8-OUTSIDE8_2024-10-11-1420-OUTSIDE-8_2_crop_17.jpg,,
2bf495d8-OUTSIDE8_2024-10-11-1420-OUTSIDE-8_2_crop_18.jpg,"4
71",471
2bf495d8-OUTSIDE8_2024-10-11-1420-OUTSIDE-8_2_crop_19.jpg,,
2bf495d8-OUTSIDE8_2024-10-11-1420-OUTSIDE-8_2_crop_20.jpg,76,
2bf495d8-OUTSIDE8_2024-10-11-1420-OUTSIDE-8_2_crop_21.jpg,4,
2bf495d8-OUTSIDE8_2024-10-11-1420-OUTSIDE-8_2_crop_22.jpg,4,445
2bf495d8-OUTSIDE8_2024-10-11-1420-OUTSIDE-8_2_crop_23.jpg,4,
2bf495d8-OUTSIDE8_2024-10-11-1420-OUTSIDE-8_2_crop_24.jpg,00,
2bf495d8-OUTSIDE8_2024-10-11-1420-OUTSIDE-8_2_crop_25.jpg,,
2bf495d8-OUTSIDE8_2024-10-11-1420-OUTSIDE-8_2_crop_26.jpg,,
2bf495d8-OUTSIDE8_2024-10-11-1420-OUTSIDE-8_2_crop_27.jpg,57,
2bf495d8-OUTSIDE8_2024-10-11-1420-OUTSIDE-8_2_crop_29.jpg,,
2bf495d8-OUTSIDE8_2024-10-11-1420-OUTSIDE-8_2_crop_9.jpg,,
2cf642f5-2024-10-17-1355-OUTSIDE-6_2_crop_11.jpg,2,
2cf642f5-2024-10-17-1355-OUTSIDE-6_2_crop_13.jpg,,
2cf642f5-2024-10-17-1355-OUTSIDE-6_2_crop_14.jpg,,
2cf642f5-2024-10-17-1355-OUTSIDE-6_2_crop_15.jpg,,0
2cf642f5-2024-10-17-1355-OUTSIDE-6_2_crop_8.jpg,,
2cf642f5-2024-10-17-1355-OUTSIDE-6_2_crop_9.jpg,,4Y
2f67a8a4-2024-10-22-1401-OUTSIDE-6_2_crop_10.jpg,77091,
2f67a8a4-2024-10-22-1401-OUTSIDE-6_2_crop_11.jpg,,5074
2f67a8a4-2024-10-22-1401-OUTSIDE-6_2_crop_12.jpg,,
2f67a8a4-2024-10-22-1401-OUTSIDE-6_2_crop_13.jpg,380,3
2f67a8a4-2024-10-22-1401-OUTSIDE-6_2_crop_14.jpg,3,
2f67a8a4-2024-10-22-1401-OUTSIDE-6_2_crop_15.jpg,44,
2f67a8a4-2024-10-22-1401-OUTSIDE-6_2_crop_16.jpg,,
2f67a8a4-2024-10-22-1401-OUTSIDE-6_2_crop_17.jpg,,
32e7278c-OUTSIDE8_2024-10-05-1321-OUTSIDE-8_2_crop_1.jpg,,
32e7278c-OUTSIDE8_2024-10-05-1321-OUTSIDE-8_2_crop_11.jpg,,
32e7278c-OUTSIDE8_2024-10-05-1321-OUTSIDE-8_2_crop_12.jpg,706,
32e7278c-OUTSIDE8_2024-10-05-1321-OUTSIDE-8_2_crop_13.jpg,41,541
32e7278c-OUTSIDE8_2024-10-05-1321-OUTSIDE-8_2_crop_14.jpg,505,600
32e7278c-OUTSIDE8_2024-10-05-1321-OUTSIDE-8_2_crop_15.jpg,381,591
32e7278c-OUTSIDE8_2024-10-05-1321-OUTSIDE-8_2_crop_16.jpg,60,600
32e7278c-OUTSIDE8_2024-10-05-1321-OUTSIDE-8_2_crop_17.jpg,,
32e7278c-OUTSIDE8_2024-10-05-1321-OUTSIDE-8_2_crop_18.jpg,,
32e7278c-OUTSIDE8_2024-10-05-1321-OUTSIDE-8_2_crop_19.jpg,4,
32e7278c-OUTSIDE8_2024-10-05-1321-OUTSIDE-8_2_crop_20.jpg,,
32e7278c-OUTSIDE8_2024-10-05-1321-OUTSIDE-8_2_crop_21.jpg,,
32e7278c-OUTSIDE8_2024-10-05-1321-OUTSIDE-8_2_crop_22.jpg,4,471
32e7278c-OUTSIDE8_2024-10-05-1321-OUTSIDE-8_2_crop_23.jpg,,
32e7278c-OUTSIDE8_2024-10-05-1321-OUTSIDE-8_2_crop_24.jpg,,471
32e7278c-OUTSIDE8_2024-10-05-1321-OUTSIDE-8_2_crop_25.jpg,57,
32e7278c-OUTSIDE8_2024-10-05-1321-OUTSIDE-8_2_crop_26.jpg,33,
32e7278c-OUTSIDE8_2024-10-05-1321-OUTSIDE-8_2_crop_27.jpg,4,
33f19dfd-OUTSIDE2_2024-08-26-1353-OUTSIDE-2_2_crop_2.jpg,,
33f19dfd-OUTSIDE2_2024-08-26-1353-OUTSIDE-2_2_crop_3.jpg,143,
3417f019-INSIDE4_2024-09-10-1355-INSIDE-4_crop_10.jpg,,
3417f019-INSIDE4_2024-09-10-1355-INSIDE-4_crop_11.jpg,418,418
3417f019-INSIDE4_2024-09-10-1355-INSIDE-4_crop_4.jpg,544,5444
3417f019-INSIDE4_2024-09-10-1355-INSIDE-4_crop_5.jpg,418,418
3417f019-INSIDE4_2024-09-10-1355-INSIDE-4_crop_6.jpg,6,69
3417f019-INSIDE4_2024-09-10-1355-INSIDE-4_crop_7.jpg,122,122
3417f019-INSIDE4_2024-09-10-1355-INSIDE-4_crop_8.jpg,69,66
3417f019-INSIDE4_2024-09-10-1355-INSIDE-4_crop_9.jpg,"12
122",122
34d0964b-OUTSIDE2_2024-10-01-1346-OUTSIDE-2_4_crop_2.jpg,176,176
387debb2-OUTSIDE8_2024-10-01-1346-OUTSIDE-8_2_crop_11.jpg,,
387debb2-OUTSIDE8_2024-10-01-1346-OUTSIDE-8_2_crop_12.jpg,,600
387debb2-OUTSIDE8_2024-10-01-1346-OUTSIDE-8_2_crop_13.jpg,706,
387debb2-OUTSIDE8_2024-10-01-1346-OUTSIDE-8_2_crop_14.jpg,41,541
387debb2-OUTSIDE8_2024-10-01-1346-OUTSIDE-8_2_crop_15.jpg,591,591
387debb2-OUTSIDE8_2024-10-01-1346-OUTSIDE-8_2_crop_16.jpg,1,
387debb2-OUTSIDE8_2024-10-01-1346-OUTSIDE-8_2_crop_17.jpg,,471
387debb2-OUTSIDE8_2024-10-01-1346-OUTSIDE-8_2_crop_18.jpg,4,
387debb2-OUTSIDE8_2024-10-01-1346-OUTSIDE-8_2_crop_19.jpg,,
387debb2-OUTSIDE8_2024-10-01-1346-OUTSIDE-8_2_crop_20.jpg,7,471
387debb2-OUTSIDE8_2024-10-01-1346-OUTSIDE-8_2_crop_21.jpg,606,600
387debb2-OUTSIDE8_2024-10-01-1346-OUTSIDE-8_2_crop_22.jpg,567,
387debb2-OUTSIDE8_2024-10-01-1346-OUTSIDE-8_2_crop_23.jpg,234,
387debb2-OUTSIDE8_2024-10-01-1346-OUTSIDE-8_2_crop_24.jpg,,
387debb2-OUTSIDE8_2024-10-01-1346-OUTSIDE-8_2_crop_25.jpg,,
387debb2-OUTSIDE8_2024-10-01-1346-OUTSIDE-8_2_crop_26.jpg,4,
387debb2-OUTSIDE8_2024-10-01-1346-OUTSIDE-8_2_crop_27.jpg,530,
387debb2-OUTSIDE8_2024-10-01-1346-OUTSIDE-8_2_crop_9.jpg,04,
3c3b994e-OUTSIDE2_2024-10-22-1401-OUTSIDE-2_2_crop_2.jpg,,540
3c3b994e-OUTSIDE2_2024-10-22-1401-OUTSIDE-2_2_crop_3.jpg,7,LT
3c3b994e-OUTSIDE2_2024-10-22-1401-OUTSIDE-2_2_crop_4.jpg,640,640
3c3b994e-OUTSIDE2_2024-10-22-1401-OUTSIDE-2_2_crop_5.jpg,,17
3ed9f6b2-OUTSIDE8_2024-09-09-1425-OUTSIDE-8_crop_10.jpg,74,
3ed9f6b2-OUTSIDE8_2024-09-09-1425-OUTSIDE-8_crop_11.jpg,24,6
3ed9f6b2-OUTSIDE8_2024-09-09-1425-OUTSIDE-8_crop_12.jpg,,9
3ed9f6b2-OUTSIDE8_2024-09-09-1425-OUTSIDE-8_crop_13.jpg,162,N
3ed9f6b2-OUTSIDE8_2024-09-09-1425-OUTSIDE-8_crop_14.jpg,5162,05
3ed9f6b2-OUTSIDE8_2024-09-09-1425-OUTSIDE-8_crop_15.jpg,,
3ed9f6b2-OUTSIDE8_2024-09-09-1425-OUTSIDE-8_crop_16.jpg,17,17
3ed9f6b2-OUTSIDE8_2024-09-09-1425-OUTSIDE-8_crop_8.jpg,64,60
3ed9f6b2-OUTSIDE8_2024-09-09-1425-OUTSIDE-8_crop_9.jpg,126,126
42fb8c56-INSIDE5_2024-09-09-1425-INSIDE-5_crop_10.jpg,6,566
42fb8c56-INSIDE5_2024-09-09-1425-INSIDE-5_crop_11.jpg,264,64
42fb8c56-INSIDE5_2024-09-09-1425-INSIDE-5_crop_12.jpg,21,21
42fb8c56-INSIDE5_2024-09-09-1425-INSIDE-5_crop_13.jpg,,456
42fb8c56-INSIDE5_2024-09-09-1425-INSIDE-5_crop_14.jpg,24,21
42fb8c56-INSIDE5_2024-09-09-1425-INSIDE-5_crop_6.jpg,5,
42fb8c56-INSIDE5_2024-09-09-1425-INSIDE-5_crop_7.jpg,,
42fb8c56-INSIDE5_2024-09-09-1425-INSIDE-5_crop_8.jpg,4,
42fb8c56-INSIDE5_2024-09-09-1425-INSIDE-5_crop_9.jpg,566,566
45074057-OUTSIDE8_2024-09-13-1404-OUTSIDE-8_crop_10.jpg,531,591
45074057-OUTSIDE8_2024-09-13-1404-OUTSIDE-8_crop_11.jpg,,
45074057-OUTSIDE8_2024-09-13-1404-OUTSIDE-8_crop_12.jpg,,
45074057-OUTSIDE8_2024-09-13-1404-OUTSIDE-8_crop_13.jpg,76,
45074057-OUTSIDE8_2024-09-13-1404-OUTSIDE-8_crop_14.jpg,,471
45074057-OUTSIDE8_2024-09-13-1404-OUTSIDE-8_crop_15.jpg,509,500
45074057-OUTSIDE8_2024-09-13-1404-OUTSIDE-8_crop_16.jpg,471,471
45074057-OUTSIDE8_2024-09-13-1404-OUTSIDE-8_crop_17.jpg,41,41
45074057-OUTSIDE8_2024-09-13-1404-OUTSIDE-8_crop_18.jpg,,445
45074057-OUTSIDE8_2024-09-13-1404-OUTSIDE-8_crop_19.jpg,424,
45074057-OUTSIDE8_2024-09-13-1404-OUTSIDE-8_crop_20.jpg,600,600
45074057-OUTSIDE8_2024-09-13-1404-OUTSIDE-8_crop_21.jpg,,
45074057-OUTSIDE8_2024-09-13-1404-OUTSIDE-8_crop_22.jpg,04,A
45074057-OUTSIDE8_2024-09-13-1404-OUTSIDE-8_crop_8.jpg,,
45074057-OUTSIDE8_2024-09-13-1404-OUTSIDE-8_crop_9.jpg,06,90L
49561215-OUTSIDE8_2024-09-27-1351-OUTSIDE-8_crop_10.jpg,,
49561215-OUTSIDE8_2024-09-27-1351-OUTSIDE-8_crop_11.jpg,,
49561215-OUTSIDE8_2024-09-27-1351-OUTSIDE-8_crop_12.jpg,20,420
49561215-OUTSIDE8_2024-09-27-1351-OUTSIDE-8_crop_13.jpg,376,376
49561215-OUTSIDE8_2024-09-27-1351-OUTSIDE-8_crop_14.jpg,143,143
49561215-OUTSIDE8_2024-09-27-1351-OUTSIDE-8_crop_15.jpg,,
49561215-OUTSIDE8_2024-09-27-1351-OUTSIDE-8_crop_16.jpg,54,54
49561215-OUTSIDE8_2024-09-27-1351-OUTSIDE-8_crop_17.jpg,37,376
49561215-OUTSIDE8_2024-09-27-1351-OUTSIDE-8_crop_18.jpg,700,700
49561215-OUTSIDE8_2024-09-27-1351-OUTSIDE-8_crop_19.jpg,703,703
49561215-OUTSIDE8_2024-09-27-1351-OUTSIDE-8_crop_20.jpg,5,5.47
49561215-OUTSIDE8_2024-09-27-1351-OUTSIDE-8_crop_21.jpg,143,143
49561215-OUTSIDE8_2024-09-27-1351-OUTSIDE-8_crop_22.jpg,143,143
49561215-OUTSIDE8_2024-09-27-1351-OUTSIDE-8_crop_23.jpg,9,
49561215-OUTSIDE8_2024-09-27-1351-OUTSIDE-8_crop_24.jpg,700,
49561215-OUTSIDE8_2024-09-27-1351-OUTSIDE-8_crop_25.jpg,420,420
49561215-OUTSIDE8_2024-09-27-1351-OUTSIDE-8_crop_26.jpg,,
49561215-OUTSIDE8_2024-09-27-1351-OUTSIDE-8_crop_8.jpg,,
49561215-OUTSIDE8_2024-09-27-1351-OUTSIDE-8_crop_9.jpg,708,
4a15d0e3-INSIDE2_2024-09-20-1352-INSIDE-2_2_crop_2.jpg,31,319
50cf3020-OUTSIDE2_2024-10-05-1321-OUTSIDE-2_3_crop_2.jpg,628,626
50cf3020-OUTSIDE2_2024-10-05-1321-OUTSIDE-2_3_crop_3.jpg,1,01
50cf3020-OUTSIDE2_2024-10-05-1321-OUTSIDE-2_3_crop_4.jpg,01,01
50cf3020-OUTSIDE2_2024-10-05-1321-OUTSIDE-2_3_crop_5.jpg,626,626
5154f87a-OUTSIDE2_2024-10-04-1342-OUTSIDE-2_2_crop_2.jpg,626,626
5154f87a-OUTSIDE2_2024-10-04-1342-OUTSIDE-2_2_crop_3.jpg,1,01
5154f87a-OUTSIDE2_2024-10-04-1342-OUTSIDE-2_2_crop_4.jpg,526,626
5154f87a-OUTSIDE2_2024-10-04-1342-OUTSIDE-2_2_crop_5.jpg,1,01
528eb2b8-INSIDE2_2024-10-02-1345-INSIDE-2_2_crop_2.jpg,227,227
528eb2b8-INSIDE2_2024-10-02-1345-INSIDE-2_2_crop_3.jpg,410,410
528eb2b8-INSIDE2_2024-10-02-1345-INSIDE-2_2_crop_4.jpg,40,
531372cd-OUTSIDE2_2024-09-27-1351-OUTSIDE-2_2_crop_2.jpg,,
531372cd-OUTSIDE2_2024-09-27-1351-OUTSIDE-2_2_crop_3.jpg,125,125
531372cd-OUTSIDE2_2024-09-27-1351-OUTSIDE-2_2_crop_4.jpg,170,
531372cd-OUTSIDE2_2024-09-27-1351-OUTSIDE-2_2_crop_5.jpg,226,1226
53bc043d-OUTSIDE8_2024-09-27-1351-OUTSIDE-8_2_crop_11.jpg,,
53bc043d-OUTSIDE8_2024-09-27-1351-OUTSIDE-8_2_crop_12.jpg,4,
53bc043d-OUTSIDE8_2024-09-27-1351-OUTSIDE-8_2_crop_13.jpg,,
53bc043d-OUTSIDE8_2024-09-27-1351-OUTSIDE-8_2_crop_14.jpg,706,
53bc043d-OUTSIDE8_2024-09-27-1351-OUTSIDE-8_2_crop_15.jpg,605,600
53bc043d-OUTSIDE8_2024-09-27-1351-OUTSIDE-8_2_crop_16.jpg,591,591
53bc043d-OUTSIDE8_2024-09-27-1351-OUTSIDE-8_2_crop_17.jpg,600,600
53bc043d-OUTSIDE8_2024-09-27-1351-OUTSIDE-8_2_crop_18.jpg,541,541
53bc043d-OUTSIDE8_2024-09-27-1351-OUTSIDE-8_2_crop_19.jpg,7,473
53bc043d-OUTSIDE8_2024-09-27-1351-OUTSIDE-8_2_crop_20.jpg,4,
53bc043d-OUTSIDE8_2024-09-27-1351-OUTSIDE-8_2_crop_21.jpg,544,54
53bc043d-OUTSIDE8_2024-09-27-1351-OUTSIDE-8_2_crop_22.jpg,4,445
53bc043d-OUTSIDE8_2024-09-27-1351-OUTSIDE-8_2_crop_23.jpg,57,
53bc043d-OUTSIDE8_2024-09-27-1351-OUTSIDE-8_2_crop_24.jpg,,
53bc043d-OUTSIDE8_2024-09-27-1351-OUTSIDE-8_2_crop_25.jpg,525,
53bc043d-OUTSIDE8_2024-09-27-1351-OUTSIDE-8_2_crop_9.jpg,,
546c59fa-OUTSIDE2_2024-09-09-1425-OUTSIDE-2_crop_2.jpg,53,531
546c59fa-OUTSIDE2_2024-09-09-1425-OUTSIDE-2_crop_3.jpg,0,390
546c59fa-OUTSIDE2_2024-09-09-1425-OUTSIDE-2_crop_4.jpg,49,
546c59fa-OUTSIDE2_2024-09-09-1425-OUTSIDE-2_crop_5.jpg,5,5
5827b204-OUTSIDE2_2024-10-11-1420-OUTSIDE-2_crop_2.jpg,"23
3",033
5827b204-OUTSIDE2_2024-10-11-1420-OUTSIDE-2_crop_3.jpg,633,
5827b204-OUTSIDE2_2024-10-11-1420-OUTSIDE-2_crop_4.jpg,587,567
5a85ddae-OUTSIDE8_2024-08-26-1353-OUTSIDE-8_crop_10.jpg,,
5a85ddae-OUTSIDE8_2024-08-26-1353-OUTSIDE-8_crop_11.jpg,,
5a85ddae-OUTSIDE8_2024-08-26-1353-OUTSIDE-8_crop_8.jpg,2,
5a85ddae-OUTSIDE8_2024-08-26-1353-OUTSIDE-8_crop_9.jpg,,
5b2cd86c-INSIDE12_2024-09-23-1410-INSIDE-12_crop_12.jpg,4196,496
5b2cd86c-INSIDE12_2024-09-23-1410-INSIDE-12_crop_13.jpg,450,50
5b2cd86c-INSIDE12_2024-09-23-1410-INSIDE-12_crop_14.jpg,,206
5b2cd86c-INSIDE12_2024-09-23-1410-INSIDE-12_crop_15.jpg,1,
5b2cd86c-INSIDE12_2024-09-23-1410-INSIDE-12_crop_16.jpg,,
5b2cd86c-INSIDE12_2024-09-23-1410-INSIDE-12_crop_17.jpg,22,
63ab7645-OUTSIDE2_2024-10-04-1342-OUTSIDE-2_3_crop_2.jpg,0,
63ab7645-OUTSIDE2_2024-10-04-1342-OUTSIDE-2_3_crop_3.jpg,,
63ab7645-OUTSIDE2_2024-10-04-1342-OUTSIDE-2_3_crop_4.jpg,226,226
63ab7645-OUTSIDE2_2024-10-04-1342-OUTSIDE-2_3_crop_5.jpg,225,20
660bf77e-INSIDE4_2024-09-04-1402-INSIDE-4_2_crop_10.jpg,24,21
660bf77e-INSIDE4_2024-09-04-1402-INSIDE-4_2_crop_11.jpg,2,
660bf77e-INSIDE4_2024-09-04-1402-INSIDE-4_2_crop_4.jpg,5,406
660bf77e-INSIDE4_2024-09-04-1402-INSIDE-4_2_crop_5.jpg,21,21
660bf77e-INSIDE4_2024-09-04-1402-INSIDE-4_2_crop_6.jpg,566,566
660bf77e-INSIDE4_2024-09-04-1402-INSIDE-4_2_crop_7.jpg,,
660bf77e-INSIDE4_2024-09-04-1402-INSIDE-4_2_crop_8.jpg,,560
660bf77e-INSIDE4_2024-09-04-1402-INSIDE-4_2_crop_9.jpg,22,
68eeec0c-OUTSIDE2_2024-10-28-1413-OUTSIDE-2_2_crop_2.jpg,7,17
68eeec0c-OUTSIDE2_2024-10-28-1413-OUTSIDE-2_2_crop_3.jpg,,640
68eeec0c-OUTSIDE2_2024-10-28-1413-OUTSIDE-2_2_crop_4.jpg,7,17
68eeec0c-OUTSIDE2_2024-10-28-1413-OUTSIDE-2_2_crop_5.jpg,20,640
69472c88-OUTSIDE2_2024-09-10-1355-OUTSIDE-2_2_crop_2.jpg,182,182
69472c88-OUTSIDE2_2024-09-10-1355-OUTSIDE-2_2_crop_3.jpg,182,182
69472c88-OUTSIDE2_2024-09-10-1355-OUTSIDE-2_2_crop_4.jpg,525,525
69bd2e7c-INSIDE2_2024-09-21-1354-INSIDE-2_2_crop_2.jpg,31,319
6c0dc9a7-OUTSIDE8_2024-09-18-1525-OUTSIDE-8_2_crop_11.jpg,,
6c0dc9a7-OUTSIDE8_2024-09-18-1525-OUTSIDE-8_2_crop_12.jpg,,445
6c0dc9a7-OUTSIDE8_2024-09-18-1525-OUTSIDE-8_2_crop_13.jpg,706,706
6c0dc9a7-OUTSIDE8_2024-09-18-1525-OUTSIDE-8_2_crop_14.jpg,591,591
6c0dc9a7-OUTSIDE8_2024-09-18-1525-OUTSIDE-8_2_crop_15.jpg,541,541
6c0dc9a7-OUTSIDE8_2024-09-18-1525-OUTSIDE-8_2_crop_17.jpg,595,600
6c0dc9a7-OUTSIDE8_2024-09-18-1525-OUTSIDE-8_2_crop_18.jpg,54,
6c0dc9a7-OUTSIDE8_2024-09-18-1525-OUTSIDE-8_2_crop_19.jpg,,471
6c0dc9a7-OUTSIDE8_2024-09-18-1525-OUTSIDE-8_2_crop_20.jpg,234,34
6c0dc9a7-OUTSIDE8_2024-09-18-1525-OUTSIDE-8_2_crop_22.jpg,,
6c0dc9a7-OUTSIDE8_2024-09-18-1525-OUTSIDE-8_2_crop_23.jpg,474,471
6c0dc9a7-OUTSIDE8_2024-09-18-1525-OUTSIDE-8_2_crop_24.jpg,,
6c0dc9a7-OUTSIDE8_2024-09-18-1525-OUTSIDE-8_2_crop_25.jpg,600,600
6c0dc9a7-OUTSIDE8_2024-09-18-1525-OUTSIDE-8_2_crop_26.jpg,567,
6c0dc9a7-OUTSIDE8_2024-09-18-1525-OUTSIDE-8_2_crop_27.jpg,76,376
6c0dc9a7-OUTSIDE8_2024-09-18-1525-OUTSIDE-8_2_crop_28.jpg,103,03
6c0dc9a7-OUTSIDE8_2024-09-18-1525-OUTSIDE-8_2_crop_29.jpg,80,
6c0dc9a7-OUTSIDE8_2024-09-18-1525-OUTSIDE-8_2_crop_30.jpg,,
6c0dc9a7-OUTSIDE8_2024-09-18-1525-OUTSIDE-8_2_crop_31.jpg,,
6c0dc9a7-OUTSIDE8_2024-09-18-1525-OUTSIDE-8_2_crop_32.jpg,,
6c0dc9a7-OUTSIDE8_2024-09-18-1525-OUTSIDE-8_2_crop_33.jpg,5,
6c0dc9a7-OUTSIDE8_2024-09-18-1525-OUTSIDE-8_2_crop_8.jpg,,901
6ce3f518-INSIDE4_2024-09-24-1353-INSIDE-4_crop_10.jpg,473,
6ce3f518-INSIDE4_2024-09-24-1353-INSIDE-4_crop_11.jpg,,
6ce3f518-INSIDE4_2024-09-24-1353-INSIDE-4_crop_12.jpg,,
6ce3f518-INSIDE4_2024-09-24-1353-INSIDE-4_crop_4.jpg,,
6ce3f518-INSIDE4_2024-09-24-1353-INSIDE-4_crop_5.jpg,162,162
6ce3f518-INSIDE4_2024-09-24-1353-INSIDE-4_crop_6.jpg,2,Z
6ce3f518-INSIDE4_2024-09-24-1353-INSIDE-4_crop_7.jpg,337,337
6ce3f518-INSIDE4_2024-09-24-1353-INSIDE-4_crop_8.jpg,72,
6ce3f518-INSIDE4_2024-09-24-1353-INSIDE-4_crop_9.jpg,473,473
6d3ea6ba-INSIDE2_2024-09-24-1353-INSIDE-2_crop_2.jpg,,108
6d3ea6ba-INSIDE2_2024-09-24-1353-INSIDE-2_crop_3.jpg,365,365
6d3ea6ba-INSIDE2_2024-09-24-1353-INSIDE-2_crop_4.jpg,365,365
6d7ba37b-2024-10-19-1407-OUTSIDE-6_crop_10.jpg,,
6d7ba37b-2024-10-19-1407-OUTSIDE-6_crop_11.jpg,4,
6d7ba37b-2024-10-19-1407-OUTSIDE-6_crop_12.jpg,"1
1",
6d7ba37b-2024-10-19-1407-OUTSIDE-6_crop_6.jpg,,82
6d7ba37b-2024-10-19-1407-OUTSIDE-6_crop_9.jpg,,
6eec45dc-OUTSIDE2_2024-09-26-1335-OUTSIDE-2_2_crop_2.jpg,,125
6eec45dc-OUTSIDE2_2024-09-26-1335-OUTSIDE-2_2_crop_3.jpg,236,236
6eec45dc-OUTSIDE2_2024-09-26-1335-OUTSIDE-2_2_crop_4.jpg,125,125
6ff197cf-OUTSIDE2_2024-09-21-1354-OUTSIDE-2_3_crop_2.jpg,"4
1",
6ff197cf-OUTSIDE2_2024-09-21-1354-OUTSIDE-2_3_crop_3.jpg,226,20
6ff197cf-OUTSIDE2_2024-09-21-1354-OUTSIDE-2_3_crop_4.jpg,0,08
6ff197cf-OUTSIDE2_2024-09-21-1354-OUTSIDE-2_3_crop_5.jpg,226,226
72e8a8c4-OUTSIDE2_2024-10-16-1429-OUTSIDE-2_3_crop_2.jpg,226,226
72e8a8c4-OUTSIDE2_2024-10-16-1429-OUTSIDE-2_3_crop_3.jpg,4155,155
72e8a8c4-OUTSIDE2_2024-10-16-1429-OUTSIDE-2_3_crop_4.jpg,,55
72e8a8c4-OUTSIDE2_2024-10-16-1429-OUTSIDE-2_3_crop_5.jpg,226,220
734f5aad-INSIDE2_2024-10-05-1321-INSIDE-2_crop_2.jpg,470,470
734f5aad-INSIDE2_2024-10-05-1321-INSIDE-2_crop_3.jpg,472,473
734f5aad-INSIDE2_2024-10-05-1321-INSIDE-2_crop_4.jpg,73,473
734f5aad-INSIDE2_2024-10-05-1321-INSIDE-2_crop_5.jpg,440,
7571923b-OUTSIDE2_2024-10-08-1348-OUTSIDE-2_3_crop_2.jpg,226,226
7571923b-OUTSIDE2_2024-10-08-1348-OUTSIDE-2_3_crop_3.jpg,,08
7571923b-OUTSIDE2_2024-10-08-1348-OUTSIDE-2_3_crop_4.jpg,,
7571923b-OUTSIDE2_2024-10-08-1348-OUTSIDE-2_3_crop_5.jpg,226,
764143f3-OUTSIDE10_2024-08-23-1359-OUTSIDE-10_crop_10.jpg,44,
764143f3-OUTSIDE10_2024-08-23-1359-OUTSIDE-10_crop_11.jpg,,
764143f3-OUTSIDE10_2024-08-23-1359-OUTSIDE-10_crop_12.jpg,,
7839919f-OUTSIDE2_2024-09-04-1402-OUTSIDE-2_3_crop_2.jpg,525,525
7839919f-OUTSIDE2_2024-09-04-1402-OUTSIDE-2_3_crop_3.jpg,132,182
7839919f-OUTSIDE2_2024-09-04-1402-OUTSIDE-2_3_crop_4.jpg,12,182
7976cd95-INSIDE4_2024-10-08-1348-INSIDE-4_crop_3.jpg,233,
7976cd95-INSIDE4_2024-10-08-1348-INSIDE-4_crop_5.jpg,1325,
7976cd95-INSIDE4_2024-10-08-1348-INSIDE-4_crop_6.jpg,1342,
7976cd95-INSIDE4_2024-10-08-1348-INSIDE-4_crop_7.jpg,1619,
79bec197-OUTSIDE2_2024-09-17-1409-OUTSIDE-2_2_crop_2.jpg,13,618
79bec197-OUTSIDE2_2024-09-17-1409-OUTSIDE-2_2_crop_3.jpg,618,618
79bec197-OUTSIDE2_2024-09-17-1409-OUTSIDE-2_2_crop_4.jpg,18,1
79bec197-OUTSIDE2_2024-09-17-1409-OUTSIDE-2_2_crop_5.jpg,,
79bec197-OUTSIDE2_2024-09-17-1409-OUTSIDE-2_2_crop_6.jpg,1,
7c25ef19-OUTSIDE8_2024-09-18-1525-OUTSIDE-8_crop_10.jpg,,
7c25ef19-OUTSIDE8_2024-09-18-1525-OUTSIDE-8_crop_11.jpg,705,70
7c25ef19-OUTSIDE8_2024-09-18-1525-OUTSIDE-8_crop_12.jpg,376,376
7c25ef19-OUTSIDE8_2024-09-18-1525-OUTSIDE-8_crop_13.jpg,143,143
7c25ef19-OUTSIDE8_2024-09-18-1525-OUTSIDE-8_crop_14.jpg,20,420
7c25ef19-OUTSIDE8_2024-09-18-1525-OUTSIDE-8_crop_15.jpg,04,701
7c25ef19-OUTSIDE8_2024-09-18-1525-OUTSIDE-8_crop_16.jpg,703,703
7c25ef19-OUTSIDE8_2024-09-18-1525-OUTSIDE-8_crop_17.jpg,700,700
7c25ef19-OUTSIDE8_2024-09-18-1525-OUTSIDE-8_crop_18.jpg,,143
7c25ef19-OUTSIDE8_2024-09-18-1525-OUTSIDE-8_crop_19.jpg,700,700
7c25ef19-OUTSIDE8_2024-09-18-1525-OUTSIDE-8_crop_21.jpg,0,
7c25ef19-OUTSIDE8_2024-09-18-1525-OUTSIDE-8_crop_22.jpg,420,120
7c25ef19-OUTSIDE8_2024-09-18-1525-OUTSIDE-8_crop_23.jpg,5,
7c25ef19-OUTSIDE8_2024-09-18-1525-OUTSIDE-8_crop_24.jpg,5,
7c25ef19-OUTSIDE8_2024-09-18-1525-OUTSIDE-8_crop_25.jpg,143,143
7c25ef19-OUTSIDE8_2024-09-18-1525-OUTSIDE-8_crop_26.jpg,1,376
7c25ef19-OUTSIDE8_2024-09-18-1525-OUTSIDE-8_crop_27.jpg,,
7c25ef19-OUTSIDE8_2024-09-18-1525-OUTSIDE-8_crop_28.jpg,114,
7c25ef19-OUTSIDE8_2024-09-18-1525-OUTSIDE-8_crop_29.jpg,,
7c25ef19-OUTSIDE8_2024-09-18-1525-OUTSIDE-8_crop_30.jpg,,
7c25ef19-OUTSIDE8_2024-09-18-1525-OUTSIDE-8_crop_8.jpg,,
7c25ef19-OUTSIDE8_2024-09-18-1525-OUTSIDE-8_crop_9.jpg,,
7fea4353-INSIDE2_2024-09-16-1356-INSIDE-2_crop_2.jpg,61,
7fea4353-INSIDE2_2024-09-16-1356-INSIDE-2_crop_3.jpg,304,3
7fea4353-INSIDE2_2024-09-16-1356-INSIDE-2_crop_4.jpg,311,3
83211bec-OUTSIDE2_2024-09-10-1355-OUTSIDE-2_3_crop_2.jpg,176,176
83e06462-INSIDE2_2024-10-07-1412-INSIDE-2_2_crop_2.jpg,31,319
86cb66ae-INSIDE2_2024-10-02-1345-INSIDE-2_crop_2.jpg,470,470
86cb66ae-INSIDE2_2024-10-02-1345-INSIDE-2_crop_3.jpg,473,473
86cb66ae-INSIDE2_2024-10-02-1345-INSIDE-2_crop_4.jpg,470,470
86cb66ae-INSIDE2_2024-10-02-1345-INSIDE-2_crop_5.jpg,473,473
88f57066-OUTSIDE2_2024-10-05-1321-OUTSIDE-2_crop_2.jpg,628,633
88f57066-OUTSIDE2_2024-10-05-1321-OUTSIDE-2_crop_3.jpg,587,567
88f57066-OUTSIDE2_2024-10-05-1321-OUTSIDE-2_crop_4.jpg,633,
89c2692f-OUTSIDE3_2024-10-10-1507-OUTSIDE-3_crop_3.jpg,21440,20
89c2692f-OUTSIDE3_2024-10-10-1507-OUTSIDE-3_crop_5.jpg,3,
89c2692f-OUTSIDE3_2024-10-10-1507-OUTSIDE-3_crop_6.jpg,,90
89c2692f-OUTSIDE3_2024-10-10-1507-OUTSIDE-3_crop_8.jpg,,
8c43f18c-OUTSIDE2_2024-09-04-1402-OUTSIDE-2_crop_2.jpg,416,416
8c43f18c-OUTSIDE2_2024-09-04-1402-OUTSIDE-2_crop_3.jpg,4,
8c43f18c-OUTSIDE2_2024-09-04-1402-OUTSIDE-2_crop_4.jpg,407,409
8c8f8e52-OUTSIDE2_2024-10-04-1342-OUTSIDE-2_crop_2.jpg,06,06
8c8f8e52-OUTSIDE2_2024-10-04-1342-OUTSIDE-2_crop_3.jpg,838,638
8c8f8e52-OUTSIDE2_2024-10-04-1342-OUTSIDE-2_crop_4.jpg,3,
8c8f8e52-OUTSIDE2_2024-10-04-1342-OUTSIDE-2_crop_5.jpg,,
91aefe19-OUTSIDE2_2024-10-23-1322-OUTSIDE-2_2_crop_2.jpg,220,220
91aefe19-OUTSIDE2_2024-10-23-1322-OUTSIDE-2_2_crop_3.jpg,220,220
91aefe19-OUTSIDE2_2024-10-23-1322-OUTSIDE-2_2_crop_4.jpg,232,232
91c9fe61-OUTSIDE2_2024-09-27-1351-OUTSIDE-2_5_crop_2.jpg,625,626
91c9fe61-OUTSIDE2_2024-09-27-1351-OUTSIDE-2_5_crop_3.jpg,2,01
91c9fe61-OUTSIDE2_2024-09-27-1351-OUTSIDE-2_5_crop_4.jpg,626,626
91c9fe61-OUTSIDE2_2024-09-27-1351-OUTSIDE-2_5_crop_5.jpg,1,01
9352add7-OUTSIDE2_2024-09-18-1525-OUTSIDE-2_4_crop_2.jpg,176,176
9352add7-OUTSIDE2_2024-09-18-1525-OUTSIDE-2_4_crop_3.jpg,4,
9352add7-OUTSIDE2_2024-09-18-1525-OUTSIDE-2_4_crop_4.jpg,,
93ed13a1-OUTSIDE8_2024-10-03-1350-OUTSIDE-8_2_crop_10.jpg,04,
93ed13a1-OUTSIDE8_2024-10-03-1350-OUTSIDE-8_2_crop_11.jpg,,
93ed13a1-OUTSIDE8_2024-10-03-1350-OUTSIDE-8_2_crop_13.jpg,5,
93ed13a1-OUTSIDE8_2024-10-03-1350-OUTSIDE-8_2_crop_14.jpg,,
93ed13a1-OUTSIDE8_2024-10-03-1350-OUTSIDE-8_2_crop_15.jpg,76,
93ed13a1-OUTSIDE8_2024-10-03-1350-OUTSIDE-8_2_crop_16.jpg,391,591
93ed13a1-OUTSIDE8_2024-10-03-1350-OUTSIDE-8_2_crop_17.jpg,,541
93ed13a1-OUTSIDE8_2024-10-03-1350-OUTSIDE-8_2_crop_18.jpg,4,471
93ed13a1-OUTSIDE8_2024-10-03-1350-OUTSIDE-8_2_crop_19.jpg,45,445
93ed13a1-OUTSIDE8_2024-10-03-1350-OUTSIDE-8_2_crop_20.jpg,809,500
93ed13a1-OUTSIDE8_2024-10-03-1350-OUTSIDE-8_2_crop_21.jpg,474,471
93ed13a1-OUTSIDE8_2024-10-03-1350-OUTSIDE-8_2_crop_22.jpg,424,
93ed13a1-OUTSIDE8_2024-10-03-1350-OUTSIDE-8_2_crop_23.jpg,4,
93ed13a1-OUTSIDE8_2024-10-03-1350-OUTSIDE-8_2_crop_24.jpg,,
93ed13a1-OUTSIDE8_2024-10-03-1350-OUTSIDE-8_2_crop_25.jpg,74,
93ed13a1-OUTSIDE8_2024-10-03-1350-OUTSIDE-8_2_crop_27.jpg,,
93ed13a1-OUTSIDE8_2024-10-03-1350-OUTSIDE-8_2_crop_29.jpg,,
93ed13a1-OUTSIDE8_2024-10-03-1350-OUTSIDE-8_2_crop_5.jpg,,
943ecf76-INSIDE12_2024-09-30-1404-INSIDE-12_crop_12.jpg,,
943ecf76-INSIDE12_2024-09-30-1404-INSIDE-12_crop_13.jpg,43,43
943ecf76-INSIDE12_2024-09-30-1404-INSIDE-12_crop_14.jpg,523,573
943ecf76-INSIDE12_2024-09-30-1404-INSIDE-12_crop_15.jpg,290,290
943ecf76-INSIDE12_2024-09-30-1404-INSIDE-12_crop_16.jpg,394,394
943ecf76-INSIDE12_2024-09-30-1404-INSIDE-12_crop_17.jpg,394,394
943ecf76-INSIDE12_2024-09-30-1404-INSIDE-12_crop_18.jpg,554,551
943ecf76-INSIDE12_2024-09-30-1404-INSIDE-12_crop_19.jpg,122,122
943ecf76-INSIDE12_2024-09-30-1404-INSIDE-12_crop_20.jpg,3,299
943ecf76-INSIDE12_2024-09-30-1404-INSIDE-12_crop_21.jpg,3,55311
943ecf76-INSIDE12_2024-09-30-1404-INSIDE-12_crop_22.jpg,439,430
943ecf76-INSIDE12_2024-09-30-1404-INSIDE-12_crop_23.jpg,,551
943ecf76-INSIDE12_2024-09-30-1404-INSIDE-12_crop_24.jpg,22,122
943ecf76-INSIDE12_2024-09-30-1404-INSIDE-12_crop_25.jpg,77,
943ecf76-INSIDE12_2024-09-30-1404-INSIDE-12_crop_26.jpg,5174,
943ecf76-INSIDE12_2024-09-30-1404-INSIDE-12_crop_27.jpg,,
943ecf76-INSIDE12_2024-09-30-1404-INSIDE-12_crop_28.jpg,22,
943ecf76-INSIDE12_2024-09-30-1404-INSIDE-12_crop_29.jpg,299,099
943ecf76-INSIDE12_2024-09-30-1404-INSIDE-12_crop_30.jpg,,
943ecf76-INSIDE12_2024-09-30-1404-INSIDE-12_crop_31.jpg,9,
943ecf76-INSIDE12_2024-09-30-1404-INSIDE-12_crop_32.jpg,7,
943ecf76-INSIDE12_2024-09-30-1404-INSIDE-12_crop_33.jpg,22,
943ecf76-INSIDE12_2024-09-30-1404-INSIDE-12_crop_34.jpg,,
95e531a3-INSIDE4_2024-09-06-1402-INSIDE-4_crop_10.jpg,,560
95e531a3-INSIDE4_2024-09-06-1402-INSIDE-4_crop_11.jpg,21,21
95e531a3-INSIDE4_2024-09-06-1402-INSIDE-4_crop_4.jpg,21,21
95e531a3-INSIDE4_2024-09-06-1402-INSIDE-4_crop_5.jpg,,
95e531a3-INSIDE4_2024-09-06-1402-INSIDE-4_crop_6.jpg,264,
95e531a3-INSIDE4_2024-09-06-1402-INSIDE-4_crop_7.jpg,566,566
95e531a3-INSIDE4_2024-09-06-1402-INSIDE-4_crop_8.jpg,5,456
95e531a3-INSIDE4_2024-09-06-1402-INSIDE-4_crop_9.jpg,,
9a529229-2024-10-28-1413-OUTSIDE-6_3_crop_10.jpg,,
9a529229-2024-10-28-1413-OUTSIDE-6_3_crop_11.jpg,,
9a529229-2024-10-28-1413-OUTSIDE-6_3_crop_12.jpg,44,
9a529229-2024-10-28-1413-OUTSIDE-6_3_crop_15.jpg,,
9a529229-2024-10-28-1413-OUTSIDE-6_3_crop_8.jpg,"4
4",39
9a529229-2024-10-28-1413-OUTSIDE-6_3_crop_9.jpg,,04
9a8991b6-2024-10-25-1357-OUTSIDE-6_2_crop_10.jpg,6,6
9a8991b6-2024-10-25-1357-OUTSIDE-6_2_crop_11.jpg,18,28
9a8991b6-2024-10-25-1357-OUTSIDE-6_2_crop_12.jpg,,
9a8991b6-2024-10-25-1357-OUTSIDE-6_2_crop_14.jpg,,-
9a8991b6-2024-10-25-1357-OUTSIDE-6_2_crop_15.jpg,,
9a8991b6-2024-10-25-1357-OUTSIDE-6_2_crop_16.jpg,,
9b8cacd1-OUTSIDE8_2024-10-07-1412-OUTSIDE-8_crop_10.jpg,,
9b8cacd1-OUTSIDE8_2024-10-07-1412-OUTSIDE-8_crop_11.jpg,,02
9b8cacd1-OUTSIDE8_2024-10-07-1412-OUTSIDE-8_crop_12.jpg,708,703
9b8cacd1-OUTSIDE8_2024-10-07-1412-OUTSIDE-8_crop_13.jpg,143,143
9b8cacd1-OUTSIDE8_2024-10-07-1412-OUTSIDE-8_crop_14.jpg,376,376
9b8cacd1-OUTSIDE8_2024-10-07-1412-OUTSIDE-8_crop_15.jpg,74,70!
9b8cacd1-OUTSIDE8_2024-10-07-1412-OUTSIDE-8_crop_16.jpg,420,420
9b8cacd1-OUTSIDE8_2024-10-07-1412-OUTSIDE-8_crop_18.jpg,5,
9b8cacd1-OUTSIDE8_2024-10-07-1412-OUTSIDE-8_crop_19.jpg,3,
9b8cacd1-OUTSIDE8_2024-10-07-1412-OUTSIDE-8_crop_20.jpg,,143
9b8cacd1-OUTSIDE8_2024-10-07-1412-OUTSIDE-8_crop_21.jpg,,
9b8cacd1-OUTSIDE8_2024-10-07-1412-OUTSIDE-8_crop_22.jpg,00,100
9b8cacd1-OUTSIDE8_2024-10-07-1412-OUTSIDE-8_crop_23.jpg,5,
9b8cacd1-OUTSIDE8_2024-10-07-1412-OUTSIDE-8_crop_24.jpg,143,143
9b8cacd1-OUTSIDE8_2024-10-07-1412-OUTSIDE-8_crop_25.jpg,420,420
9b8cacd1-OUTSIDE8_2024-10-07-1412-OUTSIDE-8_crop_27.jpg,,
9b8cacd1-OUTSIDE8_2024-10-07-1412-OUTSIDE-8_crop_28.jpg,,
9b8cacd1-OUTSIDE8_2024-10-07-1412-OUTSIDE-8_crop_29.jpg,,471
9b8cacd1-OUTSIDE8_2024-10-07-1412-OUTSIDE-8_crop_4.jpg,,
9b8cacd1-OUTSIDE8_2024-10-07-1412-OUTSIDE-8_crop_7.jpg,703,703
9c5d896c-OUTSIDE2_2024-10-17-1355-OUTSIDE-2_crop_2.jpg,633,033
9c5d896c-OUTSIDE2_2024-10-17-1355-OUTSIDE-2_crop_3.jpg,567,567
9c5d896c-OUTSIDE2_2024-10-17-1355-OUTSIDE-2_crop_4.jpg,633,633
9da4d7cb-OUTSIDE2_2024-09-23-1410-OUTSIDE-2_4_crop_2.jpg,176,176
9da4d7cb-OUTSIDE2_2024-09-23-1410-OUTSIDE-2_4_crop_3.jpg,,
a0fa9f14-OUTSIDE2_2024-09-10-1355-OUTSIDE-2_crop_2.jpg,560,56C
a0fa9f14-OUTSIDE2_2024-09-10-1355-OUTSIDE-2_crop_3.jpg,74,74
a0fa9f14-OUTSIDE2_2024-09-10-1355-OUTSIDE-2_crop_4.jpg,0,380
a0fa9f14-OUTSIDE2_2024-09-10-1355-OUTSIDE-2_crop_5.jpg,,
a15ebf75-OUTSIDE2_2024-09-18-1525-OUTSIDE-2_3_crop_2.jpg,,
a15ebf75-OUTSIDE2_2024-09-18-1525-OUTSIDE-2_3_crop_3.jpg,0,
a15ebf75-OUTSIDE2_2024-09-18-1525-OUTSIDE-2_3_crop_4.jpg,226,226
a15ebf75-OUTSIDE2_2024-09-18-1525-OUTSIDE-2_3_crop_5.jpg,226,226
a771bf88-OUTSIDE8_2024-09-12-1351-OUTSIDE-8_crop_10.jpg,708,
a771bf88-OUTSIDE8_2024-09-12-1351-OUTSIDE-8_crop_11.jpg,0,709
a771bf88-OUTSIDE8_2024-09-12-1351-OUTSIDE-8_crop_12.jpg,703,703
a771bf88-OUTSIDE8_2024-09-12-1351-OUTSIDE-8_crop_13.jpg,143,143
a771bf88-OUTSIDE8_2024-09-12-1351-OUTSIDE-8_crop_14.jpg,700,700
a771bf88-OUTSIDE8_2024-09-12-1351-OUTSIDE-8_crop_15.jpg,,05
a771bf88-OUTSIDE8_2024-09-12-1351-OUTSIDE-8_crop_16.jpg,54,542
a771bf88-OUTSIDE8_2024-09-12-1351-OUTSIDE-8_crop_17.jpg,05,
a771bf88-OUTSIDE8_2024-09-12-1351-OUTSIDE-8_crop_18.jpg,"3
2",
a771bf88-OUTSIDE8_2024-09-12-1351-OUTSIDE-8_crop_19.jpg,700,
a771bf88-OUTSIDE8_2024-09-12-1351-OUTSIDE-8_crop_20.jpg,57,5-47
a771bf88-OUTSIDE8_2024-09-12-1351-OUTSIDE-8_crop_21.jpg,,143
a771bf88-OUTSIDE8_2024-09-12-1351-OUTSIDE-8_crop_22.jpg,2,20
a771bf88-OUTSIDE8_2024-09-12-1351-OUTSIDE-8_crop_23.jpg,4120,420
a771bf88-OUTSIDE8_2024-09-12-1351-OUTSIDE-8_crop_24.jpg,443,143
a771bf88-OUTSIDE8_2024-09-12-1351-OUTSIDE-8_crop_8.jpg,,
a771bf88-OUTSIDE8_2024-09-12-1351-OUTSIDE-8_crop_9.jpg,,
a8371973-INSIDE4_2024-09-13-1404-INSIDE-4_3_crop_10.jpg,2,42
a8371973-INSIDE4_2024-09-13-1404-INSIDE-4_3_crop_11.jpg,2,42
a8371973-INSIDE4_2024-09-13-1404-INSIDE-4_3_crop_12.jpg,,
a8371973-INSIDE4_2024-09-13-1404-INSIDE-4_3_crop_13.jpg,,
a8371973-INSIDE4_2024-09-13-1404-INSIDE-4_3_crop_14.jpg,6,
a8371973-INSIDE4_2024-09-13-1404-INSIDE-4_3_crop_15.jpg,3,
a8371973-INSIDE4_2024-09-13-1404-INSIDE-4_3_crop_5.jpg,477,477
a8371973-INSIDE4_2024-09-13-1404-INSIDE-4_3_crop_6.jpg,5,
a8371973-INSIDE4_2024-09-13-1404-INSIDE-4_3_crop_7.jpg,4,
a8371973-INSIDE4_2024-09-13-1404-INSIDE-4_3_crop_8.jpg,02,oa
a8371973-INSIDE4_2024-09-13-1404-INSIDE-4_3_crop_9.jpg,"3
77",
a97c5e3c-OUTSIDE2_2024-09-30-1404-OUTSIDE-2_3_crop_2.jpg,,
a97c5e3c-OUTSIDE2_2024-09-30-1404-OUTSIDE-2_3_crop_3.jpg,0,08
a97c5e3c-OUTSIDE2_2024-09-30-1404-OUTSIDE-2_3_crop_4.jpg,726,226
a97c5e3c-OUTSIDE2_2024-09-30-1404-OUTSIDE-2_3_crop_5.jpg,2256,226
ad4c7e0a-OUTSIDE3_2024-10-17-1355-OUTSIDE-3_crop_3.jpg,43,540
ad4c7e0a-OUTSIDE3_2024-10-17-1355-OUTSIDE-3_crop_4.jpg,640,640
ad4c7e0a-OUTSIDE3_2024-10-17-1355-OUTSIDE-3_crop_5.jpg,4,LT
ad4c7e0a-OUTSIDE3_2024-10-17-1355-OUTSIDE-3_crop_6.jpg,,
ad4c7e0a-OUTSIDE3_2024-10-17-1355-OUTSIDE-3_crop_7.jpg,7,17
af7d939c-OUTSIDE2_2024-10-18-1444-OUTSIDE-2_3_crop_2.jpg,367,367
af7d939c-OUTSIDE2_2024-10-18-1444-OUTSIDE-2_3_crop_3.jpg,429,129
b4e0560b-OUTSIDE2_2024-10-07-1412-OUTSIDE-2_5_crop_2.jpg,176,176
b4e0560b-OUTSIDE2_2024-10-07-1412-OUTSIDE-2_5_crop_3.jpg,,
b5eaecf6-OUTSIDE2_2024-10-10-1507-OUTSIDE-2_2_crop_2.jpg,588,588
b5eaecf6-OUTSIDE2_2024-10-10-1507-OUTSIDE-2_2_crop_3.jpg,454,451
b5eaecf6-OUTSIDE2_2024-10-10-1507-OUTSIDE-2_2_crop_4.jpg,53,588
b5eaecf6-OUTSIDE2_2024-10-10-1507-OUTSIDE-2_2_crop_5.jpg,454,451
b7bc7b38-OUTSIDE2_2024-10-08-1348-OUTSIDE-2_crop_2.jpg,528,033
b7bc7b38-OUTSIDE2_2024-10-08-1348-OUTSIDE-2_crop_3.jpg,567,567
b7bc7b38-OUTSIDE2_2024-10-08-1348-OUTSIDE-2_crop_4.jpg,633,
bf44eac4-INSIDE4_2024-09-20-1352-INSIDE-4_crop_5.jpg,2199,
bf44eac4-INSIDE4_2024-09-20-1352-INSIDE-4_crop_6.jpg,239,
bf44eac4-INSIDE4_2024-09-20-1352-INSIDE-4_crop_7.jpg,130,
bf44eac4-INSIDE4_2024-09-20-1352-INSIDE-4_crop_8.jpg,63291,
c39aa2db-2024-10-31-1340-OUTSIDE-9_crop_10.jpg,1234,234
c39aa2db-2024-10-31-1340-OUTSIDE-9_crop_11.jpg,376,376
c39aa2db-2024-10-31-1340-OUTSIDE-9_crop_12.jpg,44,44
c39aa2db-2024-10-31-1340-OUTSIDE-9_crop_13.jpg,44,44
c39aa2db-2024-10-31-1340-OUTSIDE-9_crop_14.jpg,352,352
c39aa2db-2024-10-31-1340-OUTSIDE-9_crop_15.jpg,406,406
c39aa2db-2024-10-31-1340-OUTSIDE-9_crop_16.jpg,325,376
c39aa2db-2024-10-31-1340-OUTSIDE-9_crop_17.jpg,,
c39aa2db-2024-10-31-1340-OUTSIDE-9_crop_18.jpg,60150,601.5
c39aa2db-2024-10-31-1340-OUTSIDE-9_crop_19.jpg,,502
c39aa2db-2024-10-31-1340-OUTSIDE-9_crop_20.jpg,,
c39aa2db-2024-10-31-1340-OUTSIDE-9_crop_21.jpg,01504,
c39aa2db-2024-10-31-1340-OUTSIDE-9_crop_23.jpg,,
c39aa2db-2024-10-31-1340-OUTSIDE-9_crop_24.jpg,,
c39aa2db-2024-10-31-1340-OUTSIDE-9_crop_9.jpg,652,352
c65cade1-INSIDE4_2024-10-01-1346-INSIDE-4_2_crop_10.jpg,579,575
c65cade1-INSIDE4_2024-10-01-1346-INSIDE-4_2_crop_11.jpg,,462
c65cade1-INSIDE4_2024-10-01-1346-INSIDE-4_2_crop_12.jpg,,
c65cade1-INSIDE4_2024-10-01-1346-INSIDE-4_2_crop_13.jpg,,210
c65cade1-INSIDE4_2024-10-01-1346-INSIDE-4_2_crop_14.jpg,2,205
c65cade1-INSIDE4_2024-10-01-1346-INSIDE-4_2_crop_15.jpg,296,290
c65cade1-INSIDE4_2024-10-01-1346-INSIDE-4_2_crop_16.jpg,,
c65cade1-INSIDE4_2024-10-01-1346-INSIDE-4_2_crop_17.jpg,88,88
c65cade1-INSIDE4_2024-10-01-1346-INSIDE-4_2_crop_18.jpg,899,66
c65cade1-INSIDE4_2024-10-01-1346-INSIDE-4_2_crop_19.jpg,49,49
c65cade1-INSIDE4_2024-10-01-1346-INSIDE-4_2_crop_20.jpg,1508,
c65cade1-INSIDE4_2024-10-01-1346-INSIDE-4_2_crop_21.jpg,8,
c65cade1-INSIDE4_2024-10-01-1346-INSIDE-4_2_crop_22.jpg,,
c65cade1-INSIDE4_2024-10-01-1346-INSIDE-4_2_crop_23.jpg,23,122
c65cade1-INSIDE4_2024-10-01-1346-INSIDE-4_2_crop_25.jpg,,
c65cade1-INSIDE4_2024-10-01-1346-INSIDE-4_2_crop_26.jpg,,
c65cade1-INSIDE4_2024-10-01-1346-INSIDE-4_2_crop_27.jpg,7,
c65cade1-INSIDE4_2024-10-01-1346-INSIDE-4_2_crop_28.jpg,2,
c65cade1-INSIDE4_2024-10-01-1346-INSIDE-4_2_crop_29.jpg,2,
c65cade1-INSIDE4_2024-10-01-1346-INSIDE-4_2_crop_30.jpg,,X
c65cade1-INSIDE4_2024-10-01-1346-INSIDE-4_2_crop_31.jpg,16164,
c65cade1-INSIDE4_2024-10-01-1346-INSIDE-4_2_crop_32.jpg,,
c65cade1-INSIDE4_2024-10-01-1346-INSIDE-4_2_crop_33.jpg,,
c6e512e6-2024-10-28-1413-OUTSIDE-6_crop_10.jpg,3,33
c6e512e6-2024-10-28-1413-OUTSIDE-6_crop_11.jpg,41,1
c6e512e6-2024-10-28-1413-OUTSIDE-6_crop_12.jpg,,
c6e512e6-2024-10-28-1413-OUTSIDE-6_crop_6.jpg,17,
c6e512e6-2024-10-28-1413-OUTSIDE-6_crop_7.jpg,,1
c6e512e6-2024-10-28-1413-OUTSIDE-6_crop_8.jpg,,
c6e512e6-2024-10-28-1413-OUTSIDE-6_crop_9.jpg,,378
c7ae0962-INSIDE12_2024-09-21-1354-INSIDE-12_2_crop_10.jpg,616,516
c7ae0962-INSIDE12_2024-09-21-1354-INSIDE-12_2_crop_11.jpg,,
c7ae0962-INSIDE12_2024-09-21-1354-INSIDE-12_2_crop_12.jpg,06,500
c7ae0962-INSIDE12_2024-09-21-1354-INSIDE-12_2_crop_13.jpg,7,57
c7ae0962-INSIDE12_2024-09-21-1354-INSIDE-12_2_crop_14.jpg,,5531
c7ae0962-INSIDE12_2024-09-21-1354-INSIDE-12_2_crop_15.jpg,290,290
c7ae0962-INSIDE12_2024-09-21-1354-INSIDE-12_2_crop_16.jpg,43,
c7ae0962-INSIDE12_2024-09-21-1354-INSIDE-12_2_crop_17.jpg,5,551
c7ae0962-INSIDE12_2024-09-21-1354-INSIDE-12_2_crop_18.jpg,,
c7ae0962-INSIDE12_2024-09-21-1354-INSIDE-12_2_crop_19.jpg,43,
c7ae0962-INSIDE12_2024-09-21-1354-INSIDE-12_2_crop_20.jpg,,
c7ae0962-INSIDE12_2024-09-21-1354-INSIDE-12_2_crop_21.jpg,654,55
c7ae0962-INSIDE12_2024-09-21-1354-INSIDE-12_2_crop_22.jpg,,
c7ae0962-INSIDE12_2024-09-21-1354-INSIDE-12_2_crop_23.jpg,30,30
c7ae0962-INSIDE12_2024-09-21-1354-INSIDE-12_2_crop_24.jpg,,
c7ae0962-INSIDE12_2024-09-21-1354-INSIDE-12_2_crop_25.jpg,,
c7e51099-OUTSIDE7_2024-09-24-1353-OUTSIDE-7_crop_10.jpg,,N
c7e51099-OUTSIDE7_2024-09-24-1353-OUTSIDE-7_crop_11.jpg,,
c7e51099-OUTSIDE7_2024-09-24-1353-OUTSIDE-7_crop_12.jpg,1,
c7e51099-OUTSIDE7_2024-09-24-1353-OUTSIDE-7_crop_13.jpg,"7
1",1
c7e51099-OUTSIDE7_2024-09-24-1353-OUTSIDE-7_crop_14.jpg,714,
c7e51099-OUTSIDE7_2024-09-24-1353-OUTSIDE-7_crop_15.jpg,,
c7e51099-OUTSIDE7_2024-09-24-1353-OUTSIDE-7_crop_7.jpg,,
c7e51099-OUTSIDE7_2024-09-24-1353-OUTSIDE-7_crop_8.jpg,340,064
c7e51099-OUTSIDE7_2024-09-24-1353-OUTSIDE-7_crop_9.jpg,626,
ca536f73-INSIDE2_2024-10-08-1348-INSIDE-2_crop_2.jpg,319,319
cee72743-OUTSIDE8_2024-09-16-1356-OUTSIDE-8_2_crop_10.jpg,,90K
cee72743-OUTSIDE8_2024-09-16-1356-OUTSIDE-8_2_crop_11.jpg,381,591
cee72743-OUTSIDE8_2024-09-16-1356-OUTSIDE-8_2_crop_13.jpg,,
cee72743-OUTSIDE8_2024-09-16-1356-OUTSIDE-8_2_crop_14.jpg,4,471
cee72743-OUTSIDE8_2024-09-16-1356-OUTSIDE-8_2_crop_15.jpg,5,445
cee72743-OUTSIDE8_2024-09-16-1356-OUTSIDE-8_2_crop_16.jpg,500,500
cee72743-OUTSIDE8_2024-09-16-1356-OUTSIDE-8_2_crop_17.jpg,54,54
cee72743-OUTSIDE8_2024-09-16-1356-OUTSIDE-8_2_crop_18.jpg,706,
cee72743-OUTSIDE8_2024-09-16-1356-OUTSIDE-8_2_crop_19.jpg,0,
cee72743-OUTSIDE8_2024-09-16-1356-OUTSIDE-8_2_crop_20.jpg,541,541
cee72743-OUTSIDE8_2024-09-16-1356-OUTSIDE-8_2_crop_21.jpg,,234
cee72743-OUTSIDE8_2024-09-16-1356-OUTSIDE-8_2_crop_22.jpg,7,471
cee72743-OUTSIDE8_2024-09-16-1356-OUTSIDE-8_2_crop_23.jpg,,
cee72743-OUTSIDE8_2024-09-16-1356-OUTSIDE-8_2_crop_24.jpg,6309,
cee72743-OUTSIDE8_2024-09-16-1356-OUTSIDE-8_2_crop_25.jpg,,
cee72743-OUTSIDE8_2024-09-16-1356-OUTSIDE-8_2_crop_26.jpg,557,
cee72743-OUTSIDE8_2024-09-16-1356-OUTSIDE-8_2_crop_9.jpg,,
d13d1688-OUTSIDE2_2024-10-09-1351-OUTSIDE-2_crop_2.jpg,587,567
d13d1688-OUTSIDE2_2024-10-09-1351-OUTSIDE-2_crop_3.jpg,23,C33
d13d1688-OUTSIDE2_2024-10-09-1351-OUTSIDE-2_crop_4.jpg,633,
d1fbeab8-OUTSIDE8_2024-10-02-1345-OUTSIDE-8_2_crop_11.jpg,,
d1fbeab8-OUTSIDE8_2024-10-02-1345-OUTSIDE-8_2_crop_12.jpg,5,591
d1fbeab8-OUTSIDE8_2024-10-02-1345-OUTSIDE-8_2_crop_13.jpg,,
d1fbeab8-OUTSIDE8_2024-10-02-1345-OUTSIDE-8_2_crop_14.jpg,,171
d1fbeab8-OUTSIDE8_2024-10-02-1345-OUTSIDE-8_2_crop_15.jpg,341,541
d1fbeab8-OUTSIDE8_2024-10-02-1345-OUTSIDE-8_2_crop_16.jpg,,445
d1fbeab8-OUTSIDE8_2024-10-02-1345-OUTSIDE-8_2_crop_17.jpg,44,471
d1fbeab8-OUTSIDE8_2024-10-02-1345-OUTSIDE-8_2_crop_18.jpg,234,
d1fbeab8-OUTSIDE8_2024-10-02-1345-OUTSIDE-8_2_crop_19.jpg,509,600
d1fbeab8-OUTSIDE8_2024-10-02-1345-OUTSIDE-8_2_crop_20.jpg,600,
d1fbeab8-OUTSIDE8_2024-10-02-1345-OUTSIDE-8_2_crop_21.jpg,06,
d1fbeab8-OUTSIDE8_2024-10-02-1345-OUTSIDE-8_2_crop_22.jpg,,
d1fbeab8-OUTSIDE8_2024-10-02-1345-OUTSIDE-8_2_crop_23.jpg,,
d1fbeab8-OUTSIDE8_2024-10-02-1345-OUTSIDE-8_2_crop_24.jpg,57,
d1fbeab8-OUTSIDE8_2024-10-02-1345-OUTSIDE-8_2_crop_25.jpg,,
d1fbeab8-OUTSIDE8_2024-10-02-1345-OUTSIDE-8_2_crop_26.jpg,,
d1fbeab8-OUTSIDE8_2024-10-02-1345-OUTSIDE-8_2_crop_29.jpg,,
d1fbeab8-OUTSIDE8_2024-10-02-1345-OUTSIDE-8_2_crop_9.jpg,04,
d4a20ba6-INSIDE5_2024-10-29-1401-INSIDE-5_crop_10.jpg,106,POR
d4a20ba6-INSIDE5_2024-10-29-1401-INSIDE-5_crop_11.jpg,706,706
d4a20ba6-INSIDE5_2024-10-29-1401-INSIDE-5_crop_12.jpg,,70
d4a20ba6-INSIDE5_2024-10-29-1401-INSIDE-5_crop_6.jpg,,
d4a20ba6-INSIDE5_2024-10-29-1401-INSIDE-5_crop_7.jpg,60,60
d4a20ba6-INSIDE5_2024-10-29-1401-INSIDE-5_crop_8.jpg,294,294
d4a20ba6-INSIDE5_2024-10-29-1401-INSIDE-5_crop_9.jpg,703,703
d8b1a2cb-INSIDE2_2024-09-30-1404-INSIDE-2_crop_2.jpg,3139,319
da83b136-OUTSIDE2_2024-09-12-1351-OUTSIDE-2_crop_2.jpg,120,120
da83b136-OUTSIDE2_2024-09-12-1351-OUTSIDE-2_crop_3.jpg,,
da83b136-OUTSIDE2_2024-09-12-1351-OUTSIDE-2_crop_4.jpg,155,155
dcfb3d16-INSIDE2_2024-10-02-1345-INSIDE-2_3_crop_2.jpg,685,585
dcfb3d16-INSIDE2_2024-10-02-1345-INSIDE-2_3_crop_3.jpg,58,586
dcfb3d16-INSIDE2_2024-10-02-1345-INSIDE-2_3_crop_4.jpg,,94
df453557-OUTSIDE10_2024-09-13-1404-OUTSIDE-10_crop_11.jpg,,
df453557-OUTSIDE10_2024-09-13-1404-OUTSIDE-10_crop_12.jpg,,70
df453557-OUTSIDE10_2024-09-13-1404-OUTSIDE-10_crop_13.jpg,376,376
df453557-OUTSIDE10_2024-09-13-1404-OUTSIDE-10_crop_14.jpg,276,376
df453557-OUTSIDE10_2024-09-13-1404-OUTSIDE-10_crop_15.jpg,703,703
df453557-OUTSIDE10_2024-09-13-1404-OUTSIDE-10_crop_16.jpg,143,143
df453557-OUTSIDE10_2024-09-13-1404-OUTSIDE-10_crop_17.jpg,1420,420
df453557-OUTSIDE10_2024-09-13-1404-OUTSIDE-10_crop_18.jpg,700,700
df453557-OUTSIDE10_2024-09-13-1404-OUTSIDE-10_crop_19.jpg,5,
df453557-OUTSIDE10_2024-09-13-1404-OUTSIDE-10_crop_20.jpg,1,
df453557-OUTSIDE10_2024-09-13-1404-OUTSIDE-10_crop_21.jpg,,
df453557-OUTSIDE10_2024-09-13-1404-OUTSIDE-10_crop_22.jpg,,
df453557-OUTSIDE10_2024-09-13-1404-OUTSIDE-10_crop_23.jpg,70,709
df453557-OUTSIDE10_2024-09-13-1404-OUTSIDE-10_crop_24.jpg,7,
df453557-OUTSIDE10_2024-09-13-1404-OUTSIDE-10_crop_25.jpg,5,
df453557-OUTSIDE10_2024-09-13-1404-OUTSIDE-10_crop_26.jpg,,471
df453557-OUTSIDE10_2024-09-13-1404-OUTSIDE-10_crop_27.jpg,143,
df453557-OUTSIDE10_2024-09-13-1404-OUTSIDE-10_crop_28.jpg,700,70
df453557-OUTSIDE10_2024-09-13-1404-OUTSIDE-10_crop_29.jpg,443,
df453557-OUTSIDE10_2024-09-13-1404-OUTSIDE-10_crop_31.jpg,,
df453557-OUTSIDE10_2024-09-13-1404-OUTSIDE-10_crop_33.jpg,,700
df453557-OUTSIDE10_2024-09-13-1404-OUTSIDE-10_crop_34.jpg,420,
df453557-OUTSIDE10_2024-09-13-1404-OUTSIDE-10_crop_35.jpg,18,
df453557-OUTSIDE10_2024-09-13-1404-OUTSIDE-10_crop_36.jpg,100,70
df453557-OUTSIDE10_2024-09-13-1404-OUTSIDE-10_crop_8.jpg,4,
e48559c7-OUTSIDE2_2024-10-11-1420-OUTSIDE-2_4_crop_2.jpg,176,176
e48559c7-OUTSIDE2_2024-10-11-1420-OUTSIDE-2_4_crop_3.jpg,,
e7860416-OUTSIDE8_2024-10-24-1442-OUTSIDE-8_crop_10.jpg,1,575
e7860416-OUTSIDE8_2024-10-24-1442-OUTSIDE-8_crop_11.jpg,,342
e7860416-OUTSIDE8_2024-10-24-1442-OUTSIDE-8_crop_12.jpg,439,439
e7860416-OUTSIDE8_2024-10-24-1442-OUTSIDE-8_crop_13.jpg,06,206
e7860416-OUTSIDE8_2024-10-24-1442-OUTSIDE-8_crop_14.jpg,261,
e7860416-OUTSIDE8_2024-10-24-1442-OUTSIDE-8_crop_16.jpg,225,575
e7860416-OUTSIDE8_2024-10-24-1442-OUTSIDE-8_crop_18.jpg,298,388
e7860416-OUTSIDE8_2024-10-24-1442-OUTSIDE-8_crop_19.jpg,388,388
e7860416-OUTSIDE8_2024-10-24-1442-OUTSIDE-8_crop_20.jpg,7,
e7860416-OUTSIDE8_2024-10-24-1442-OUTSIDE-8_crop_21.jpg,22,
e7860416-OUTSIDE8_2024-10-24-1442-OUTSIDE-8_crop_22.jpg,71,
e7860416-OUTSIDE8_2024-10-24-1442-OUTSIDE-8_crop_23.jpg,,
e7860416-OUTSIDE8_2024-10-24-1442-OUTSIDE-8_crop_24.jpg,58,.FL
e7860416-OUTSIDE8_2024-10-24-1442-OUTSIDE-8_crop_25.jpg,,
e7860416-OUTSIDE8_2024-10-24-1442-OUTSIDE-8_crop_26.jpg,,
e7860416-OUTSIDE8_2024-10-24-1442-OUTSIDE-8_crop_8.jpg,1910,190
e7860416-OUTSIDE8_2024-10-24-1442-OUTSIDE-8_crop_9.jpg,62,462
e88965d0-OUTSIDE8_2024-10-08-1348-OUTSIDE-8_2_crop_10.jpg,,
e88965d0-OUTSIDE8_2024-10-08-1348-OUTSIDE-8_2_crop_11.jpg,104,
e88965d0-OUTSIDE8_2024-10-08-1348-OUTSIDE-8_2_crop_12.jpg,05,600
e88965d0-OUTSIDE8_2024-10-08-1348-OUTSIDE-8_2_crop_13.jpg,41,541
e88965d0-OUTSIDE8_2024-10-08-1348-OUTSIDE-8_2_crop_14.jpg,4,
e88965d0-OUTSIDE8_2024-10-08-1348-OUTSIDE-8_2_crop_15.jpg,471,471
e88965d0-OUTSIDE8_2024-10-08-1348-OUTSIDE-8_2_crop_16.jpg,44,
e88965d0-OUTSIDE8_2024-10-08-1348-OUTSIDE-8_2_crop_17.jpg,44,471
e88965d0-OUTSIDE8_2024-10-08-1348-OUTSIDE-8_2_crop_18.jpg,5,591
e88965d0-OUTSIDE8_2024-10-08-1348-OUTSIDE-8_2_crop_19.jpg,224,
e88965d0-OUTSIDE8_2024-10-08-1348-OUTSIDE-8_2_crop_20.jpg,,
e88965d0-OUTSIDE8_2024-10-08-1348-OUTSIDE-8_2_crop_21.jpg,99,
e88965d0-OUTSIDE8_2024-10-08-1348-OUTSIDE-8_2_crop_22.jpg,4,
e88965d0-OUTSIDE8_2024-10-08-1348-OUTSIDE-8_2_crop_23.jpg,500,
e88965d0-OUTSIDE8_2024-10-08-1348-OUTSIDE-8_2_crop_24.jpg,,
e88965d0-OUTSIDE8_2024-10-08-1348-OUTSIDE-8_2_crop_25.jpg,7,
e88965d0-OUTSIDE8_2024-10-08-1348-OUTSIDE-8_2_crop_26.jpg,043,
e88965d0-OUTSIDE8_2024-10-08-1348-OUTSIDE-8_2_crop_27.jpg,,
e88965d0-OUTSIDE8_2024-10-08-1348-OUTSIDE-8_2_crop_28.jpg,5,
e8a8db98-INSIDE12_2024-09-20-1352-INSIDE-12_crop_10.jpg,416,46
e8a8db98-INSIDE12_2024-09-20-1352-INSIDE-12_crop_11.jpg,,
e8a8db98-INSIDE12_2024-09-20-1352-INSIDE-12_crop_12.jpg,206,206
e8a8db98-INSIDE12_2024-09-20-1352-INSIDE-12_crop_13.jpg,,
e8a8db98-INSIDE12_2024-09-20-1352-INSIDE-12_crop_14.jpg,,2
e8a8db98-INSIDE12_2024-09-20-1352-INSIDE-12_crop_9.jpg,59,5
f2273479-OUTSIDE2_2024-10-30-1354-OUTSIDE-2_crop_2.jpg,,
f54701d5-OUTSIDE2_2024-10-01-1346-OUTSIDE-2_3_crop_2.jpg,,
f54701d5-OUTSIDE2_2024-10-01-1346-OUTSIDE-2_3_crop_3.jpg,226,226
f54701d5-OUTSIDE2_2024-10-01-1346-OUTSIDE-2_3_crop_4.jpg,,
f54701d5-OUTSIDE2_2024-10-01-1346-OUTSIDE-2_3_crop_5.jpg,22,
fa0827f5-OUTSIDE8_2024-09-26-1335-OUTSIDE-8_crop_10.jpg,"7
705",
fa0827f5-OUTSIDE8_2024-09-26-1335-OUTSIDE-8_crop_11.jpg,,
fa0827f5-OUTSIDE8_2024-09-26-1335-OUTSIDE-8_crop_12.jpg,143,143
fa0827f5-OUTSIDE8_2024-09-26-1335-OUTSIDE-8_crop_13.jpg,,
fa0827f5-OUTSIDE8_2024-09-26-1335-OUTSIDE-8_crop_14.jpg,,
fa0827f5-OUTSIDE8_2024-09-26-1335-OUTSIDE-8_crop_15.jpg,27,420
fa0827f5-OUTSIDE8_2024-09-26-1335-OUTSIDE-8_crop_16.jpg,,143
fa0827f5-OUTSIDE8_2024-09-26-1335-OUTSIDE-8_crop_17.jpg,703,703
fa0827f5-OUTSIDE8_2024-09-26-1335-OUTSIDE-8_crop_18.jpg,,143
fa0827f5-OUTSIDE8_2024-09-26-1335-OUTSIDE-8_crop_19.jpg,700,700
fa0827f5-OUTSIDE8_2024-09-26-1335-OUTSIDE-8_crop_20.jpg,4,70
fa0827f5-OUTSIDE8_2024-09-26-1335-OUTSIDE-8_crop_21.jpg,376,376
fa0827f5-OUTSIDE8_2024-09-26-1335-OUTSIDE-8_crop_22.jpg,420,120
fa0827f5-OUTSIDE8_2024-09-26-1335-OUTSIDE-8_crop_23.jpg,5,544
fa0827f5-OUTSIDE8_2024-09-26-1335-OUTSIDE-8_crop_24.jpg,546,542
fa0827f5-OUTSIDE8_2024-09-26-1335-OUTSIDE-8_crop_25.jpg,700,
fa0827f5-OUTSIDE8_2024-09-26-1335-OUTSIDE-8_crop_4.jpg,,
fa0827f5-OUTSIDE8_2024-09-26-1335-OUTSIDE-8_crop_9.jpg,,
fcd74ac7-2024-10-17-1355-OUTSIDE-6_crop_10.jpg,,
fcd74ac7-2024-10-17-1355-OUTSIDE-6_crop_11.jpg,,
fcd74ac7-2024-10-17-1355-OUTSIDE-6_crop_6.jpg,,28
fcd74ac7-2024-10-17-1355-OUTSIDE-6_crop_7.jpg,"4
7",
fec52f28-OUTSIDE2_2024-09-16-1356-OUTSIDE-2_3_crop_2.jpg,,
fec52f28-OUTSIDE2_2024-09-16-1356-OUTSIDE-2_3_crop_3.jpg,226,226
fec52f28-OUTSIDE2_2024-09-16-1356-OUTSIDE-2_3_crop_4.jpg,0,08
fec52f28-OUTSIDE2_2024-09-16-1356-OUTSIDE-2_3_crop_5.jpg,225,220
